/*
 Navicat Premium Data Transfer

 Source Server         : 本地
 Source Server Type    : MySQL
 Source Server Version : 50714
 Source Host           : localhost
 Source Database       : train

 Target Server Type    : MySQL
 Target Server Version : 50714
 File Encoding         : utf-8

 Date: 05/17/2017 10:10:37 AM
*/

SET NAMES utf8;
SET FOREIGN_KEY_CHECKS = 0;

-- ----------------------------
--  Table structure for `class_info`
-- ----------------------------
DROP TABLE IF EXISTS `class_info`;
CREATE TABLE `class_info` (
  `id` varchar(32) NOT NULL,
  `class_name` varchar(32) NOT NULL COMMENT '班级名称',
  `del_flag` varchar(2) NOT NULL COMMENT '是否删除',
  `create_by` varchar(32) DEFAULT NULL COMMENT '创建人',
  `create_date` datetime DEFAULT NULL COMMENT '创建时间',
  PRIMARY KEY (`id`)
) ENGINE=InnoDB DEFAULT CHARSET=utf8 COMMENT='班级';

-- ----------------------------
--  Records of `class_info`
-- ----------------------------
BEGIN;
INSERT INTO `class_info` VALUES ('099a7fcf61224cb5abb64047b0e0b13f', '培训二', '1', null, '2017-05-07 09:45:26'), ('1', '培训一', '1', null, '2017-05-04 22:08:14'), ('1a765fcc3bc64fd58e98721fa297b88f', '天文', '1', null, '2017-05-07 15:03:44'), ('568bdb7bb3674e138d5655bd75be3506', '班级一', '0', null, '2017-05-07 10:39:04'), ('655247ddbbea4eb2b4bf0f4cbfc885b9', '123', '1', null, '2017-05-07 14:59:44'), ('836d585d257f4461a8d2d39a62671146', 'q231', '0', null, '2017-05-07 15:06:13'), ('b62849f2fd684ae4b41244355238110c', 'ss,', '1', null, '2017-05-07 14:53:10'), ('e04ecefd52c94ed6b47c1e5f7880a50b', '天文', '1', null, '2017-05-07 15:03:23'), ('e28e3ffcbf4e4f67888269bf9da81cfb', '213', '0', null, '2017-05-07 15:08:06'), ('e960fd6ebccf46879d1a134db4a3d437', '123,', '0', null, '2017-05-07 14:56:14');
COMMIT;

-- ----------------------------
--  Table structure for `curriculum_info`
-- ----------------------------
DROP TABLE IF EXISTS `curriculum_info`;
CREATE TABLE `curriculum_info` (
  `id` varchar(32) NOT NULL,
  `curriculum_name` varchar(32) NOT NULL COMMENT '课程名称',
  `curriculum_url` varchar(128) DEFAULT NULL COMMENT '视频地址',
  `type` varchar(2) NOT NULL COMMENT '视频类型 0内部 1外部',
  `del_flag` varchar(2) DEFAULT NULL,
  `file_name` varchar(255) DEFAULT NULL,
  PRIMARY KEY (`id`)
) ENGINE=InnoDB DEFAULT CHARSET=utf8 COMMENT='课程信息';

-- ----------------------------
--  Records of `curriculum_info`
-- ----------------------------
BEGIN;
INSERT INTO `curriculum_info` VALUES ('3f0352e852e947c0b4adadd5d46c8352', 'TEST', 'http://player.youku.com/embed/XMjc2NDY1NzQxMg==', '2', '0', null), ('3f24c57091e74064aee26c2fc72cb1a9', '视频演示', 'http://video-js.zencoder.com/oceans-clip.mp4', '1', '0', 'HRM（已转换）.mov'), ('ca2caf23875f463ea04d3aa841b6ec6c', 'asd', './upload/bf06ddeb645b44e6ae8d81aa77e6cfa9.xlsx', '1', '1', '《上海市孕保二期系统》上海衡山虹妇幼医院助产机构2016-12-01至2017-05-02使用情况统计.xlsx');
COMMIT;

-- ----------------------------
--  Table structure for `eye_x_role_menu`
-- ----------------------------
DROP TABLE IF EXISTS `eye_x_role_menu`;
CREATE TABLE `eye_x_role_menu` (
  `id` char(32) NOT NULL COMMENT '主键',
  `role_id` char(32) DEFAULT NULL COMMENT '角色主键',
  `menu_id` char(32) DEFAULT NULL COMMENT '权限主键',
  `del_flag` varchar(1) NOT NULL DEFAULT '0' COMMENT '删除标记0：正常 1：删除',
  `source_id` varchar(4) DEFAULT NULL COMMENT '来源代码',
  `create_by` varchar(32) DEFAULT NULL COMMENT '创建者',
  `create_date` datetime DEFAULT NULL COMMENT '创建时间',
  `update_by` varchar(32) DEFAULT NULL COMMENT '更新者',
  `update_date` datetime DEFAULT NULL COMMENT '更新时间',
  PRIMARY KEY (`id`)
) ENGINE=InnoDB DEFAULT CHARSET=utf8 COMMENT='角色权限表';

-- ----------------------------
--  Table structure for `learn_info`
-- ----------------------------
DROP TABLE IF EXISTS `learn_info`;
CREATE TABLE `learn_info` (
  `id` varchar(32) NOT NULL,
  `user_id` varchar(32) NOT NULL COMMENT '用户',
  `curriculum_id` varchar(32) NOT NULL COMMENT '学习课程',
  `learn_time` float(5,0) DEFAULT NULL COMMENT '学习时长（小时）',
  PRIMARY KEY (`id`)
) ENGINE=InnoDB DEFAULT CHARSET=utf8 COMMENT='学习信息';

-- ----------------------------
--  Table structure for `must_curriculum`
-- ----------------------------
DROP TABLE IF EXISTS `must_curriculum`;
CREATE TABLE `must_curriculum` (
  `id` varchar(32) NOT NULL,
  `curriculum_id` varchar(32) NOT NULL COMMENT '课程id',
  `standard_fraction` int(4) NOT NULL COMMENT '达标分数',
  `del_flag` varchar(2) NOT NULL,
  `class_id` varchar(32) NOT NULL COMMENT '班级id',
  PRIMARY KEY (`id`)
) ENGINE=InnoDB DEFAULT CHARSET=utf8 COMMENT='必须课程';

-- ----------------------------
--  Records of `must_curriculum`
-- ----------------------------
BEGIN;
INSERT INTO `must_curriculum` VALUES ('2d4c6638bae24be59475fa734999c9ba', '3f24c57091e74064aee26c2fc72cb1a9', '67', '1', '568bdb7bb3674e138d5655bd75be3506'), ('901bae39de824ff592331026eaf5b8e8', '3f24c57091e74064aee26c2fc72cb1a9', '60', '0', '568bdb7bb3674e138d5655bd75be3506');
COMMIT;

-- ----------------------------
--  Table structure for `sys_menu`
-- ----------------------------
DROP TABLE IF EXISTS `sys_menu`;
CREATE TABLE `sys_menu` (
  `id` varchar(32) NOT NULL DEFAULT '',
  `pid` varchar(32) DEFAULT NULL,
  `sys` varchar(16) DEFAULT NULL COMMENT '系统',
  `name` varchar(64) DEFAULT NULL COMMENT '名称',
  `href` varchar(64) DEFAULT NULL COMMENT '菜单链接',
  `target` varchar(64) DEFAULT NULL COMMENT '目标',
  `icon` varchar(64) DEFAULT NULL COMMENT '菜单图标',
  `permission` varchar(64) DEFAULT NULL COMMENT '权限标识',
  `display` varchar(2) DEFAULT NULL COMMENT '是否显示',
  `sort` int(11) NOT NULL COMMENT '排序',
  `del_flag` varchar(2) DEFAULT NULL,
  `create_date` datetime DEFAULT NULL,
  `create_by` varchar(32) DEFAULT NULL,
  `update_date` datetime DEFAULT NULL,
  `update_by` varchar(32) DEFAULT NULL,
  `remarks` varchar(64) DEFAULT NULL,
  PRIMARY KEY (`id`)
) ENGINE=InnoDB DEFAULT CHARSET=utf8;

-- ----------------------------
--  Records of `sys_menu`
-- ----------------------------
BEGIN;
INSERT INTO `sys_menu` VALUES ('017b42835e7245018f991fb8046c5aa5', 'c577237ee8814c05ab97633de75147bf', null, '课程查询', '/curriculumInfo/index', '', '', '', '1', '1', '0', null, null, '2017-05-07 13:34:29', null, null), ('12', '0', null, '功能菜单', null, null, null, null, null, '1', '0', null, null, null, null, null), ('16be7850fa5d4fa09a4c7c38f1c900d6', '12', null, '评测管理', '#', '', '', '', '1', '4', '0', null, null, '2017-05-02 12:50:43', null, null), ('1e66d8ae17bb4d3f9c875e3967a7ca56', 'c577237ee8814c05ab97633de75147bf', null, '个人课程查询', '/curriculumAllocation/index2', '', '', '', '1', '3', '0', null, null, '2017-05-15 19:23:35', null, null), ('2', '12', null, '系统管理', null, null, null, null, '1', '1', '0', null, null, null, null, null), ('2ceab77bf80a437cbff8ef2d8b5cf7d0', '5', null, '1', '1', '', '', '1', '0', '1', '1', null, null, '2017-03-18 10:02:00', null, null), ('2f4df4bb89654bed850cfeecf6b08811', '6', null, '1', '', '', '', '', null, '1', '1', null, null, '2017-03-17 13:07:41', null, null), ('3', '2', null, '角色管理', '/role/index', null, null, null, '1', '1', '0', null, null, null, null, null), ('372df9e31504489197117f0f1be49361', '4689dff14ea94140ae12e8c6d3822d37', null, '班级查询', '/classInfo/index', '', '', '', '1', '1', '0', null, null, '2017-05-04 21:52:13', null, null), ('38dbcaf3e5404d509acdd005eeba3d7c', '6', null, '1', '', '', '', '', null, '1', '1', null, null, '2017-03-17 13:09:15', null, null), ('4', '2', null, '菜单管理', '/menu/index', null, null, null, '1', '2', '0', null, null, null, null, null), ('4689dff14ea94140ae12e8c6d3822d37', '12', null, '班级管理', '#', '', '', '', '1', '3', '0', null, null, '2017-05-02 12:50:23', null, null), ('47c1d826b61749a8b86844244a480276', '5', null, '配比原材料', '/rawmaterial/index', '', '', '', '1', '2', '1', null, null, '2017-03-17 21:31:56', null, null), ('5', '12', null, '产品管理', '#', '', '', '', '1', '2', '1', null, null, '2017-03-17 17:51:44', null, null), ('572d1488331c40dba2d8e7d123ed4c44', '5', null, '进货管理', '/productIn/index', '', '', '', '1', '3', '1', null, null, '2017-03-18 09:56:06', null, null), ('6', '5', null, '产品信息列表', '/product/index', '', '', '', '1', '1', '1', null, null, '2017-03-17 17:51:22', null, null), ('7202d1a0618e4aae9ecb4fa2ff0a7277', '2', null, '部门管理', '/sysOffice/index', '', '', '', '1', '4', '0', null, null, '2017-05-02 20:53:56', null, null), ('7aaf08ce601a480280c0328752a96c81', '12', null, '综合评估', '#', '', '', '', '1', '5', '0', null, null, '2017-05-02 12:51:00', null, null), ('82f7542430454b239df414050a220642', '5', null, '进货管理', '/productIn/index', '', '', '', '1', '3', '1', null, null, '2017-03-18 09:56:06', null, null), ('84aab9188eed48719a03a1d321917a64', '16be7850fa5d4fa09a4c7c38f1c900d6', null, '评测系统', '/tomexam/index.thtml', 'tomexam', '', '', '1', '1', '0', null, null, '2017-05-16 21:37:03', null, null), ('a88ffb9c37bf47bd9a937e2fa524a49c', '5', null, '配比原材料', '/rawmaterial/index', '', '', '', '1', '2', '1', null, null, '2017-03-17 21:31:56', null, null), ('b1fb00cdb3ca4ade82123bbb18e40cd3', '2', null, '用户管理', '/user/index', '', '', '', '1', '3', '0', null, 'admin', '2017-03-19 13:08:08', null, null), ('b38748bc4ca7497db63ab29ed4a29c0b', '6', null, 'd', '1', '', '', '', null, '1', '1', null, null, '2017-03-17 13:33:32', null, null), ('ba3a5f7d6b974db280c6f7cbe6ca9aef', 'c577237ee8814c05ab97633de75147bf', null, '课程分配', '/curriculumAllocation/index', '', '', '', '1', '2', '0', null, null, '2017-05-15 13:08:27', null, null), ('c372276db7e647f9b7238b2bde59db48', '5', null, '产品配比公式', '/productFormula/index', '', '', '', '1', '4', '1', null, null, '2017-03-18 11:08:52', null, null), ('c577237ee8814c05ab97633de75147bf', '12', null, '课程管理', '#', '', '', '', '1', '2', '0', null, null, '2017-05-02 12:49:46', null, null), ('f7b424dfbcbd4eb9a5faa2e78ea4062a', '5', null, '1', '1', '2', '3', '1', '0', '1', '1', null, null, '2017-03-18 10:02:34', null, null);
COMMIT;

-- ----------------------------
--  Table structure for `sys_office`
-- ----------------------------
DROP TABLE IF EXISTS `sys_office`;
CREATE TABLE `sys_office` (
  `id` varchar(64) COLLATE utf8_bin NOT NULL COMMENT '编号',
  `parent_id` varchar(64) COLLATE utf8_bin NOT NULL COMMENT '父级编号',
  `name` varchar(100) COLLATE utf8_bin NOT NULL COMMENT '名称',
  `sort` decimal(10,0) NOT NULL COMMENT '排序',
  `code` varchar(100) COLLATE utf8_bin DEFAULT NULL COMMENT '区域编码',
  `create_by` varchar(64) COLLATE utf8_bin DEFAULT NULL COMMENT '创建者',
  `create_date` datetime DEFAULT NULL COMMENT '创建时间',
  `update_by` varchar(64) COLLATE utf8_bin DEFAULT NULL COMMENT '更新者',
  `update_date` datetime DEFAULT NULL COMMENT '更新时间',
  `remarks` varchar(255) COLLATE utf8_bin DEFAULT NULL COMMENT '备注信息',
  `del_flag` char(1) COLLATE utf8_bin NOT NULL DEFAULT '0' COMMENT '删除标记',
  PRIMARY KEY (`id`),
  KEY `sys_office_parent_id` (`parent_id`),
  KEY `sys_office_del_flag` (`del_flag`)
) ENGINE=InnoDB DEFAULT CHARSET=utf8 COLLATE=utf8_bin COMMENT='机构表';

-- ----------------------------
--  Records of `sys_office`
-- ----------------------------
BEGIN;
INSERT INTO `sys_office` VALUES ('090a8c6a5fb54af2bf33b75e6909cce1', '1', '测试机构', '1', null, null, null, null, '2017-05-02 21:43:21', null, '0'), ('1', '0', ' 公司名称', '0', '0000', '123', '2017-05-02 20:55:36', '213', '2017-05-02 20:55:50', null, '0'), ('dbc9ee11aa924382b0c4aa395702195b', '1', '宣传部门', '0', null, null, null, null, '2017-05-04 16:32:31', null, '0'), ('f52cf853e7334f1fb46092b018fe2cec', '1', '开发部门', '2', null, null, null, null, '2017-05-04 16:31:47', null, '0');
COMMIT;

-- ----------------------------
--  Table structure for `sys_role_office`
-- ----------------------------
DROP TABLE IF EXISTS `sys_role_office`;
CREATE TABLE `sys_role_office` (
  `role_id` varchar(64) COLLATE utf8_bin NOT NULL COMMENT '角色编号',
  `office_id` varchar(64) COLLATE utf8_bin NOT NULL COMMENT '机构编号',
  PRIMARY KEY (`role_id`,`office_id`)
) ENGINE=InnoDB DEFAULT CHARSET=utf8 COLLATE=utf8_bin COMMENT='角色-机构';

-- ----------------------------
--  Table structure for `sys_x_dict`
-- ----------------------------
DROP TABLE IF EXISTS `sys_x_dict`;
CREATE TABLE `sys_x_dict` (
  `id` varchar(5) NOT NULL COMMENT '类型id',
  `code` varchar(32) NOT NULL DEFAULT '' COMMENT '标准代码',
  `name` varchar(50) DEFAULT NULL COMMENT '名称',
  `pinyin` varchar(50) DEFAULT NULL COMMENT '拼音',
  `pcode` varchar(3) DEFAULT NULL COMMENT '上级代码',
  `del_flag` varchar(1) NOT NULL DEFAULT '0' COMMENT '删除标记0：正常 1：删除',
  `source_id` varchar(32) DEFAULT NULL COMMENT '来源代码',
  `create_by` varchar(32) DEFAULT NULL COMMENT '创建者',
  `create_date` datetime DEFAULT NULL COMMENT '创建时间',
  `update_by` varchar(32) DEFAULT NULL COMMENT '更新者',
  `update_date` datetime DEFAULT NULL COMMENT '更新时间',
  PRIMARY KEY (`id`,`code`)
) ENGINE=InnoDB DEFAULT CHARSET=utf8 COMMENT='数据字典表';

-- ----------------------------
--  Records of `sys_x_dict`
-- ----------------------------
BEGIN;
INSERT INTO `sys_x_dict` VALUES ('00001', '1', '员工培训', null, null, '0', null, null, null, null, null), ('00002', '1', '男', null, null, '0', null, null, null, null, null), ('00002', '2', '女', null, null, '0', null, null, null, null, null), ('00004', '1', '是', null, null, '0', '通用条件判断', null, null, null, null), ('00004', '2', '否', null, null, '0', '通用条件判断', null, null, null, null), ('00005', '1', '内部', null, null, '0', '课程类别', null, null, null, null), ('00005', '2', '外部', null, null, '0', '课程类别', null, null, null, null);
COMMIT;

-- ----------------------------
--  Table structure for `t_role`
-- ----------------------------
DROP TABLE IF EXISTS `t_role`;
CREATE TABLE `t_role` (
  `id` varchar(32) NOT NULL,
  `rolename` varchar(64) DEFAULT NULL,
  `status` varchar(2) DEFAULT NULL,
  `del_flag` varchar(2) DEFAULT NULL,
  `create_date` datetime DEFAULT NULL,
  `create_by` varchar(32) DEFAULT NULL,
  `update_date` datetime DEFAULT NULL,
  `update_by` varchar(32) DEFAULT NULL,
  `remarks` varchar(64) DEFAULT NULL,
  PRIMARY KEY (`id`)
) ENGINE=InnoDB DEFAULT CHARSET=utf8;

-- ----------------------------
--  Records of `t_role`
-- ----------------------------
BEGIN;
INSERT INTO `t_role` VALUES ('37408db105dd4d43a25e865d9c1d4664', '普通用户', '1', '0', null, null, '2017-05-15 19:39:38', null, null), ('6270d4974f754219a5907bfba76ce38e', '管理员', '1', '0', null, null, '2017-05-17 09:45:48', null, null);
COMMIT;

-- ----------------------------
--  Table structure for `t_role_menu`
-- ----------------------------
DROP TABLE IF EXISTS `t_role_menu`;
CREATE TABLE `t_role_menu` (
  `role_id` varchar(32) DEFAULT NULL,
  `menu_id` varchar(32) DEFAULT NULL,
  `del_flag` varchar(255) DEFAULT NULL
) ENGINE=InnoDB DEFAULT CHARSET=utf8;

-- ----------------------------
--  Records of `t_role_menu`
-- ----------------------------
BEGIN;
INSERT INTO `t_role_menu` VALUES ('ca65a6eb56ff4ca2b8265e15904c9aea', '12', '1'), ('ca65a6eb56ff4ca2b8265e15904c9aea', '2', '1'), ('ca65a6eb56ff4ca2b8265e15904c9aea', '3', '1'), ('ca65a6eb56ff4ca2b8265e15904c9aea', '4', '1'), ('ca65a6eb56ff4ca2b8265e15904c9aea', 'b1fb00cdb3ca4ade82123bbb18e40cd3', '1'), ('ca65a6eb56ff4ca2b8265e15904c9aea', '5', '1'), ('ca65a6eb56ff4ca2b8265e15904c9aea', '6', '1'), ('ca65a6eb56ff4ca2b8265e15904c9aea', '47c1d826b61749a8b86844244a480276', '1'), ('ca65a6eb56ff4ca2b8265e15904c9aea', '572d1488331c40dba2d8e7d123ed4c44', '1'), ('ca65a6eb56ff4ca2b8265e15904c9aea', 'c372276db7e647f9b7238b2bde59db48', '1'), ('28d922e078d744529d05574fab14bba1', '12', '0'), ('28d922e078d744529d05574fab14bba1', '2', '0'), ('28d922e078d744529d05574fab14bba1', '3', '0'), ('28d922e078d744529d05574fab14bba1', '4', '0'), ('28d922e078d744529d05574fab14bba1', 'b1fb00cdb3ca4ade82123bbb18e40cd3', '0'), ('28d922e078d744529d05574fab14bba1', '5', '0'), ('28d922e078d744529d05574fab14bba1', '6', '0'), ('28d922e078d744529d05574fab14bba1', '47c1d826b61749a8b86844244a480276', '0'), ('28d922e078d744529d05574fab14bba1', '572d1488331c40dba2d8e7d123ed4c44', '0'), ('28d922e078d744529d05574fab14bba1', 'c372276db7e647f9b7238b2bde59db48', '0'), ('202a0dbe54594d70a39d4c6b20d3f0c4', 'TRole.menus', '1'), ('202a0dbe54594d70a39d4c6b20d3f0c4', '12', '1'), ('202a0dbe54594d70a39d4c6b20d3f0c4', '2', '1'), ('202a0dbe54594d70a39d4c6b20d3f0c4', '3', '1'), ('202a0dbe54594d70a39d4c6b20d3f0c4', '12', '1'), ('202a0dbe54594d70a39d4c6b20d3f0c4', '2', '1'), ('202a0dbe54594d70a39d4c6b20d3f0c4', '3', '1'), ('202a0dbe54594d70a39d4c6b20d3f0c4', '12', '1'), ('202a0dbe54594d70a39d4c6b20d3f0c4', '2', '1'), ('202a0dbe54594d70a39d4c6b20d3f0c4', '3', '1'), ('202a0dbe54594d70a39d4c6b20d3f0c4', '12', '1'), ('202a0dbe54594d70a39d4c6b20d3f0c4', '2', '1'), ('202a0dbe54594d70a39d4c6b20d3f0c4', '3', '1'), ('202a0dbe54594d70a39d4c6b20d3f0c4', '12', '1'), ('202a0dbe54594d70a39d4c6b20d3f0c4', '2', '1'), ('202a0dbe54594d70a39d4c6b20d3f0c4', '3', '1'), ('202a0dbe54594d70a39d4c6b20d3f0c4', '5', '1'), ('202a0dbe54594d70a39d4c6b20d3f0c4', 'c372276db7e647f9b7238b2bde59db48', '1'), ('202a0dbe54594d70a39d4c6b20d3f0c4', '12', '0'), ('202a0dbe54594d70a39d4c6b20d3f0c4', '2', '0'), ('202a0dbe54594d70a39d4c6b20d3f0c4', '3', '0'), ('202a0dbe54594d70a39d4c6b20d3f0c4', '12', '0'), ('202a0dbe54594d70a39d4c6b20d3f0c4', '2', '0'), ('202a0dbe54594d70a39d4c6b20d3f0c4', '3', '0'), ('202a0dbe54594d70a39d4c6b20d3f0c4', '5', '0'), ('202a0dbe54594d70a39d4c6b20d3f0c4', 'c372276db7e647f9b7238b2bde59db48', '0'), ('ca65a6eb56ff4ca2b8265e15904c9aea', '12', '1'), ('ca65a6eb56ff4ca2b8265e15904c9aea', '2', '1'), ('ca65a6eb56ff4ca2b8265e15904c9aea', '3', '1'), ('ca65a6eb56ff4ca2b8265e15904c9aea', '4', '1'), ('ca65a6eb56ff4ca2b8265e15904c9aea', 'b1fb00cdb3ca4ade82123bbb18e40cd3', '1'), ('ca65a6eb56ff4ca2b8265e15904c9aea', '5', '1'), ('ca65a6eb56ff4ca2b8265e15904c9aea', '6', '1'), ('ca65a6eb56ff4ca2b8265e15904c9aea', '47c1d826b61749a8b86844244a480276', '1'), ('ca65a6eb56ff4ca2b8265e15904c9aea', '572d1488331c40dba2d8e7d123ed4c44', '1'), ('ca65a6eb56ff4ca2b8265e15904c9aea', 'c372276db7e647f9b7238b2bde59db48', '1'), ('ca65a6eb56ff4ca2b8265e15904c9aea', '12', '1'), ('ca65a6eb56ff4ca2b8265e15904c9aea', '2', '1'), ('ca65a6eb56ff4ca2b8265e15904c9aea', '3', '1'), ('ca65a6eb56ff4ca2b8265e15904c9aea', '4', '1'), ('ca65a6eb56ff4ca2b8265e15904c9aea', 'b1fb00cdb3ca4ade82123bbb18e40cd3', '1'), ('ca65a6eb56ff4ca2b8265e15904c9aea', '5', '1'), ('ca65a6eb56ff4ca2b8265e15904c9aea', '6', '1'), ('ca65a6eb56ff4ca2b8265e15904c9aea', '47c1d826b61749a8b86844244a480276', '1'), ('ca65a6eb56ff4ca2b8265e15904c9aea', '572d1488331c40dba2d8e7d123ed4c44', '1'), ('ca65a6eb56ff4ca2b8265e15904c9aea', 'c372276db7e647f9b7238b2bde59db48', '1'), ('ca65a6eb56ff4ca2b8265e15904c9aea', '12', '0'), ('ca65a6eb56ff4ca2b8265e15904c9aea', '2', '0'), ('ca65a6eb56ff4ca2b8265e15904c9aea', '3', '0'), ('ca65a6eb56ff4ca2b8265e15904c9aea', '4', '0'), ('ca65a6eb56ff4ca2b8265e15904c9aea', 'b1fb00cdb3ca4ade82123bbb18e40cd3', '0'), ('6270d4974f754219a5907bfba76ce38e', '12', '1'), ('6270d4974f754219a5907bfba76ce38e', '2', '1'), ('6270d4974f754219a5907bfba76ce38e', '3', '1'), ('6270d4974f754219a5907bfba76ce38e', '4', '1'), ('6270d4974f754219a5907bfba76ce38e', 'b1fb00cdb3ca4ade82123bbb18e40cd3', '1'), ('6270d4974f754219a5907bfba76ce38e', '5', '1'), ('6270d4974f754219a5907bfba76ce38e', '6', '1'), ('6270d4974f754219a5907bfba76ce38e', '47c1d826b61749a8b86844244a480276', '1'), ('6270d4974f754219a5907bfba76ce38e', '572d1488331c40dba2d8e7d123ed4c44', '1'), ('6270d4974f754219a5907bfba76ce38e', 'c372276db7e647f9b7238b2bde59db48', '1'), ('6270d4974f754219a5907bfba76ce38e', '12', '1'), ('6270d4974f754219a5907bfba76ce38e', '2', '1'), ('6270d4974f754219a5907bfba76ce38e', '3', '1'), ('6270d4974f754219a5907bfba76ce38e', '4', '1'), ('6270d4974f754219a5907bfba76ce38e', 'b1fb00cdb3ca4ade82123bbb18e40cd3', '1'), ('6270d4974f754219a5907bfba76ce38e', '5', '1'), ('6270d4974f754219a5907bfba76ce38e', '6', '1'), ('6270d4974f754219a5907bfba76ce38e', '47c1d826b61749a8b86844244a480276', '1'), ('6270d4974f754219a5907bfba76ce38e', '572d1488331c40dba2d8e7d123ed4c44', '1'), ('6270d4974f754219a5907bfba76ce38e', 'c372276db7e647f9b7238b2bde59db48', '1'), ('6270d4974f754219a5907bfba76ce38e', '12', '1'), ('6270d4974f754219a5907bfba76ce38e', '2', '1'), ('6270d4974f754219a5907bfba76ce38e', '3', '1'), ('6270d4974f754219a5907bfba76ce38e', '4', '1'), ('6270d4974f754219a5907bfba76ce38e', 'b1fb00cdb3ca4ade82123bbb18e40cd3', '1'), ('6270d4974f754219a5907bfba76ce38e', '5', '1'), ('6270d4974f754219a5907bfba76ce38e', '6', '1'), ('6270d4974f754219a5907bfba76ce38e', '47c1d826b61749a8b86844244a480276', '1'), ('6270d4974f754219a5907bfba76ce38e', '572d1488331c40dba2d8e7d123ed4c44', '1'), ('6270d4974f754219a5907bfba76ce38e', 'c372276db7e647f9b7238b2bde59db48', '1'), ('6270d4974f754219a5907bfba76ce38e', '12', '1'), ('6270d4974f754219a5907bfba76ce38e', '2', '1'), ('6270d4974f754219a5907bfba76ce38e', '3', '1'), ('6270d4974f754219a5907bfba76ce38e', '4', '1'), ('6270d4974f754219a5907bfba76ce38e', 'b1fb00cdb3ca4ade82123bbb18e40cd3', '1'), ('6270d4974f754219a5907bfba76ce38e', '5', '1'), ('6270d4974f754219a5907bfba76ce38e', '6', '1'), ('6270d4974f754219a5907bfba76ce38e', '47c1d826b61749a8b86844244a480276', '1'), ('6270d4974f754219a5907bfba76ce38e', '572d1488331c40dba2d8e7d123ed4c44', '1'), ('6270d4974f754219a5907bfba76ce38e', 'c372276db7e647f9b7238b2bde59db48', '1'), ('6270d4974f754219a5907bfba76ce38e', '12', '1'), ('6270d4974f754219a5907bfba76ce38e', '2', '1'), ('6270d4974f754219a5907bfba76ce38e', '3', '1'), ('6270d4974f754219a5907bfba76ce38e', '4', '1'), ('6270d4974f754219a5907bfba76ce38e', 'b1fb00cdb3ca4ade82123bbb18e40cd3', '1'), ('6270d4974f754219a5907bfba76ce38e', '5', '1'), ('6270d4974f754219a5907bfba76ce38e', '6', '1'), ('6270d4974f754219a5907bfba76ce38e', '47c1d826b61749a8b86844244a480276', '1'), ('6270d4974f754219a5907bfba76ce38e', '572d1488331c40dba2d8e7d123ed4c44', '1'), ('6270d4974f754219a5907bfba76ce38e', 'c372276db7e647f9b7238b2bde59db48', '1'), ('37408db105dd4d43a25e865d9c1d4664', 'b1fb00cdb3ca4ade82123bbb18e40cd3', '1'), ('37408db105dd4d43a25e865d9c1d4664', '5', '1'), ('37408db105dd4d43a25e865d9c1d4664', '6', '1'), ('37408db105dd4d43a25e865d9c1d4664', '47c1d826b61749a8b86844244a480276', '1'), ('37408db105dd4d43a25e865d9c1d4664', '572d1488331c40dba2d8e7d123ed4c44', '1'), ('37408db105dd4d43a25e865d9c1d4664', '12', '1'), ('37408db105dd4d43a25e865d9c1d4664', '5', '1'), ('37408db105dd4d43a25e865d9c1d4664', '6', '1'), ('37408db105dd4d43a25e865d9c1d4664', '47c1d826b61749a8b86844244a480276', '1'), ('37408db105dd4d43a25e865d9c1d4664', '572d1488331c40dba2d8e7d123ed4c44', '1'), ('37408db105dd4d43a25e865d9c1d4664', '12', '1'), ('37408db105dd4d43a25e865d9c1d4664', '2', '1'), ('37408db105dd4d43a25e865d9c1d4664', '3', '1'), ('37408db105dd4d43a25e865d9c1d4664', '4', '1'), ('37408db105dd4d43a25e865d9c1d4664', 'b1fb00cdb3ca4ade82123bbb18e40cd3', '1'), ('37408db105dd4d43a25e865d9c1d4664', '5', '1'), ('37408db105dd4d43a25e865d9c1d4664', '6', '1'), ('37408db105dd4d43a25e865d9c1d4664', '47c1d826b61749a8b86844244a480276', '1'), ('37408db105dd4d43a25e865d9c1d4664', '572d1488331c40dba2d8e7d123ed4c44', '1'), ('37408db105dd4d43a25e865d9c1d4664', 'c372276db7e647f9b7238b2bde59db48', '1'), ('37408db105dd4d43a25e865d9c1d4664', '12', '1'), ('37408db105dd4d43a25e865d9c1d4664', '2', '1'), ('37408db105dd4d43a25e865d9c1d4664', '3', '1'), ('37408db105dd4d43a25e865d9c1d4664', '4', '1'), ('37408db105dd4d43a25e865d9c1d4664', 'b1fb00cdb3ca4ade82123bbb18e40cd3', '1'), ('37408db105dd4d43a25e865d9c1d4664', '12', '1'), ('37408db105dd4d43a25e865d9c1d4664', '2', '1'), ('37408db105dd4d43a25e865d9c1d4664', '3', '1'), ('37408db105dd4d43a25e865d9c1d4664', '4', '1'), ('37408db105dd4d43a25e865d9c1d4664', 'b1fb00cdb3ca4ade82123bbb18e40cd3', '1'), ('37408db105dd4d43a25e865d9c1d4664', '5', '1'), ('37408db105dd4d43a25e865d9c1d4664', '6', '1'), ('37408db105dd4d43a25e865d9c1d4664', '47c1d826b61749a8b86844244a480276', '1'), ('37408db105dd4d43a25e865d9c1d4664', '572d1488331c40dba2d8e7d123ed4c44', '1'), ('37408db105dd4d43a25e865d9c1d4664', 'c372276db7e647f9b7238b2bde59db48', '1'), ('37408db105dd4d43a25e865d9c1d4664', '12', '1'), ('37408db105dd4d43a25e865d9c1d4664', '5', '1'), ('37408db105dd4d43a25e865d9c1d4664', '6', '1'), ('37408db105dd4d43a25e865d9c1d4664', '47c1d826b61749a8b86844244a480276', '1'), ('37408db105dd4d43a25e865d9c1d4664', '572d1488331c40dba2d8e7d123ed4c44', '1'), ('37408db105dd4d43a25e865d9c1d4664', 'c372276db7e647f9b7238b2bde59db48', '1'), ('37408db105dd4d43a25e865d9c1d4664', '12', '1'), ('37408db105dd4d43a25e865d9c1d4664', '5', '1'), ('37408db105dd4d43a25e865d9c1d4664', '6', '1'), ('37408db105dd4d43a25e865d9c1d4664', '47c1d826b61749a8b86844244a480276', '1'), ('37408db105dd4d43a25e865d9c1d4664', '572d1488331c40dba2d8e7d123ed4c44', '1'), ('37408db105dd4d43a25e865d9c1d4664', 'c372276db7e647f9b7238b2bde59db48', '1'), ('37408db105dd4d43a25e865d9c1d4664', '12', '1'), ('37408db105dd4d43a25e865d9c1d4664', '5', '1'), ('37408db105dd4d43a25e865d9c1d4664', '6', '1'), ('37408db105dd4d43a25e865d9c1d4664', '47c1d826b61749a8b86844244a480276', '1'), ('37408db105dd4d43a25e865d9c1d4664', '572d1488331c40dba2d8e7d123ed4c44', '1'), ('37408db105dd4d43a25e865d9c1d4664', '12', '1'), ('37408db105dd4d43a25e865d9c1d4664', '5', '1'), ('37408db105dd4d43a25e865d9c1d4664', '6', '1'), ('37408db105dd4d43a25e865d9c1d4664', '47c1d826b61749a8b86844244a480276', '1'), ('37408db105dd4d43a25e865d9c1d4664', '572d1488331c40dba2d8e7d123ed4c44', '1'), ('37408db105dd4d43a25e865d9c1d4664', 'c372276db7e647f9b7238b2bde59db48', '1'), ('37408db105dd4d43a25e865d9c1d4664', '12', '1'), ('37408db105dd4d43a25e865d9c1d4664', '2', '1'), ('37408db105dd4d43a25e865d9c1d4664', '3', '1'), ('37408db105dd4d43a25e865d9c1d4664', '4', '1'), ('37408db105dd4d43a25e865d9c1d4664', 'b1fb00cdb3ca4ade82123bbb18e40cd3', '1'), ('37408db105dd4d43a25e865d9c1d4664', '5', '1'), ('37408db105dd4d43a25e865d9c1d4664', '6', '1'), ('37408db105dd4d43a25e865d9c1d4664', '47c1d826b61749a8b86844244a480276', '1'), ('37408db105dd4d43a25e865d9c1d4664', '572d1488331c40dba2d8e7d123ed4c44', '1'), ('37408db105dd4d43a25e865d9c1d4664', 'c372276db7e647f9b7238b2bde59db48', '1'), ('37408db105dd4d43a25e865d9c1d4664', '12', '1'), ('37408db105dd4d43a25e865d9c1d4664', '2', '1'), ('37408db105dd4d43a25e865d9c1d4664', '3', '1'), ('37408db105dd4d43a25e865d9c1d4664', '4', '1'), ('37408db105dd4d43a25e865d9c1d4664', 'b1fb00cdb3ca4ade82123bbb18e40cd3', '1'), ('37408db105dd4d43a25e865d9c1d4664', '12', '1'), ('37408db105dd4d43a25e865d9c1d4664', '2', '1'), ('37408db105dd4d43a25e865d9c1d4664', '3', '1'), ('37408db105dd4d43a25e865d9c1d4664', '4', '1'), ('37408db105dd4d43a25e865d9c1d4664', 'b1fb00cdb3ca4ade82123bbb18e40cd3', '1'), ('37408db105dd4d43a25e865d9c1d4664', '5', '1'), ('37408db105dd4d43a25e865d9c1d4664', '6', '1'), ('37408db105dd4d43a25e865d9c1d4664', '47c1d826b61749a8b86844244a480276', '1'), ('37408db105dd4d43a25e865d9c1d4664', '572d1488331c40dba2d8e7d123ed4c44', '1'), ('37408db105dd4d43a25e865d9c1d4664', 'c372276db7e647f9b7238b2bde59db48', '1'), ('37408db105dd4d43a25e865d9c1d4664', '12', '1'), ('37408db105dd4d43a25e865d9c1d4664', '5', '1'), ('37408db105dd4d43a25e865d9c1d4664', '6', '1'), ('37408db105dd4d43a25e865d9c1d4664', '47c1d826b61749a8b86844244a480276', '1'), ('37408db105dd4d43a25e865d9c1d4664', '572d1488331c40dba2d8e7d123ed4c44', '1'), ('37408db105dd4d43a25e865d9c1d4664', 'c372276db7e647f9b7238b2bde59db48', '1'), ('37408db105dd4d43a25e865d9c1d4664', '12', '1'), ('37408db105dd4d43a25e865d9c1d4664', '5', '1'), ('37408db105dd4d43a25e865d9c1d4664', '6', '1'), ('37408db105dd4d43a25e865d9c1d4664', '47c1d826b61749a8b86844244a480276', '1'), ('37408db105dd4d43a25e865d9c1d4664', '572d1488331c40dba2d8e7d123ed4c44', '1'), ('37408db105dd4d43a25e865d9c1d4664', 'c372276db7e647f9b7238b2bde59db48', '1'), ('37408db105dd4d43a25e865d9c1d4664', '12', '1'), ('37408db105dd4d43a25e865d9c1d4664', '5', '1'), ('37408db105dd4d43a25e865d9c1d4664', '6', '1'), ('37408db105dd4d43a25e865d9c1d4664', '47c1d826b61749a8b86844244a480276', '1'), ('37408db105dd4d43a25e865d9c1d4664', '572d1488331c40dba2d8e7d123ed4c44', '1'), ('37408db105dd4d43a25e865d9c1d4664', 'c372276db7e647f9b7238b2bde59db48', '1'), ('37408db105dd4d43a25e865d9c1d4664', '12', '1'), ('37408db105dd4d43a25e865d9c1d4664', '5', '1'), ('37408db105dd4d43a25e865d9c1d4664', '6', '1'), ('37408db105dd4d43a25e865d9c1d4664', '47c1d826b61749a8b86844244a480276', '1'), ('37408db105dd4d43a25e865d9c1d4664', '572d1488331c40dba2d8e7d123ed4c44', '1'), ('37408db105dd4d43a25e865d9c1d4664', '12', '1'), ('37408db105dd4d43a25e865d9c1d4664', '5', '1'), ('37408db105dd4d43a25e865d9c1d4664', '6', '1'), ('37408db105dd4d43a25e865d9c1d4664', '47c1d826b61749a8b86844244a480276', '1'), ('37408db105dd4d43a25e865d9c1d4664', '572d1488331c40dba2d8e7d123ed4c44', '1'), ('37408db105dd4d43a25e865d9c1d4664', 'c372276db7e647f9b7238b2bde59db48', '1'), ('37408db105dd4d43a25e865d9c1d4664', '12', '1'), ('37408db105dd4d43a25e865d9c1d4664', '2', '1'), ('37408db105dd4d43a25e865d9c1d4664', '3', '1'), ('37408db105dd4d43a25e865d9c1d4664', '4', '1'), ('37408db105dd4d43a25e865d9c1d4664', 'b1fb00cdb3ca4ade82123bbb18e40cd3', '1'), ('37408db105dd4d43a25e865d9c1d4664', '5', '1'), ('37408db105dd4d43a25e865d9c1d4664', '6', '1'), ('37408db105dd4d43a25e865d9c1d4664', '47c1d826b61749a8b86844244a480276', '1'), ('37408db105dd4d43a25e865d9c1d4664', '572d1488331c40dba2d8e7d123ed4c44', '1'), ('37408db105dd4d43a25e865d9c1d4664', 'c372276db7e647f9b7238b2bde59db48', '1'), ('37408db105dd4d43a25e865d9c1d4664', '12', '1'), ('37408db105dd4d43a25e865d9c1d4664', '2', '1'), ('37408db105dd4d43a25e865d9c1d4664', '3', '1'), ('37408db105dd4d43a25e865d9c1d4664', '4', '1'), ('37408db105dd4d43a25e865d9c1d4664', 'b1fb00cdb3ca4ade82123bbb18e40cd3', '1'), ('37408db105dd4d43a25e865d9c1d4664', '12', '1'), ('37408db105dd4d43a25e865d9c1d4664', '2', '1'), ('37408db105dd4d43a25e865d9c1d4664', '3', '1'), ('37408db105dd4d43a25e865d9c1d4664', '4', '1'), ('37408db105dd4d43a25e865d9c1d4664', 'b1fb00cdb3ca4ade82123bbb18e40cd3', '1'), ('37408db105dd4d43a25e865d9c1d4664', '5', '1'), ('37408db105dd4d43a25e865d9c1d4664', '6', '1'), ('37408db105dd4d43a25e865d9c1d4664', '47c1d826b61749a8b86844244a480276', '1'), ('37408db105dd4d43a25e865d9c1d4664', '572d1488331c40dba2d8e7d123ed4c44', '1'), ('37408db105dd4d43a25e865d9c1d4664', 'c372276db7e647f9b7238b2bde59db48', '1'), ('37408db105dd4d43a25e865d9c1d4664', '12', '1'), ('37408db105dd4d43a25e865d9c1d4664', '5', '1'), ('37408db105dd4d43a25e865d9c1d4664', '6', '1'), ('37408db105dd4d43a25e865d9c1d4664', '47c1d826b61749a8b86844244a480276', '1'), ('37408db105dd4d43a25e865d9c1d4664', '572d1488331c40dba2d8e7d123ed4c44', '1'), ('37408db105dd4d43a25e865d9c1d4664', 'c372276db7e647f9b7238b2bde59db48', '1'), ('37408db105dd4d43a25e865d9c1d4664', '12', '1'), ('37408db105dd4d43a25e865d9c1d4664', '5', '1'), ('37408db105dd4d43a25e865d9c1d4664', '6', '1'), ('37408db105dd4d43a25e865d9c1d4664', '47c1d826b61749a8b86844244a480276', '1'), ('37408db105dd4d43a25e865d9c1d4664', '572d1488331c40dba2d8e7d123ed4c44', '1'), ('37408db105dd4d43a25e865d9c1d4664', 'c372276db7e647f9b7238b2bde59db48', '1'), ('37408db105dd4d43a25e865d9c1d4664', '12', '1'), ('37408db105dd4d43a25e865d9c1d4664', '5', '1'), ('37408db105dd4d43a25e865d9c1d4664', '6', '1'), ('37408db105dd4d43a25e865d9c1d4664', '47c1d826b61749a8b86844244a480276', '1'), ('37408db105dd4d43a25e865d9c1d4664', '572d1488331c40dba2d8e7d123ed4c44', '1'), ('37408db105dd4d43a25e865d9c1d4664', 'c372276db7e647f9b7238b2bde59db48', '1'), ('37408db105dd4d43a25e865d9c1d4664', '12', '1'), ('37408db105dd4d43a25e865d9c1d4664', '5', '1'), ('37408db105dd4d43a25e865d9c1d4664', '6', '1'), ('37408db105dd4d43a25e865d9c1d4664', '47c1d826b61749a8b86844244a480276', '1'), ('37408db105dd4d43a25e865d9c1d4664', 'c372276db7e647f9b7238b2bde59db48', '1'), ('37408db105dd4d43a25e865d9c1d4664', '12', '1'), ('37408db105dd4d43a25e865d9c1d4664', '5', '1'), ('37408db105dd4d43a25e865d9c1d4664', '6', '1'), ('37408db105dd4d43a25e865d9c1d4664', '47c1d826b61749a8b86844244a480276', '1'), ('37408db105dd4d43a25e865d9c1d4664', '572d1488331c40dba2d8e7d123ed4c44', '1'), ('37408db105dd4d43a25e865d9c1d4664', 'c372276db7e647f9b7238b2bde59db48', '1'), ('37408db105dd4d43a25e865d9c1d4664', '12', '1'), ('37408db105dd4d43a25e865d9c1d4664', '2', '1'), ('37408db105dd4d43a25e865d9c1d4664', '3', '1'), ('37408db105dd4d43a25e865d9c1d4664', '4', '1'), ('37408db105dd4d43a25e865d9c1d4664', 'b1fb00cdb3ca4ade82123bbb18e40cd3', '1'), ('37408db105dd4d43a25e865d9c1d4664', '5', '1'), ('37408db105dd4d43a25e865d9c1d4664', '6', '1'), ('37408db105dd4d43a25e865d9c1d4664', '47c1d826b61749a8b86844244a480276', '1'), ('37408db105dd4d43a25e865d9c1d4664', '572d1488331c40dba2d8e7d123ed4c44', '1'), ('37408db105dd4d43a25e865d9c1d4664', 'c372276db7e647f9b7238b2bde59db48', '1'), ('37408db105dd4d43a25e865d9c1d4664', '12', '1'), ('37408db105dd4d43a25e865d9c1d4664', '5', '1'), ('37408db105dd4d43a25e865d9c1d4664', '6', '1'), ('37408db105dd4d43a25e865d9c1d4664', '47c1d826b61749a8b86844244a480276', '1'), ('37408db105dd4d43a25e865d9c1d4664', 'c372276db7e647f9b7238b2bde59db48', '1'), ('37408db105dd4d43a25e865d9c1d4664', '12', '1'), ('37408db105dd4d43a25e865d9c1d4664', '5', '1'), ('37408db105dd4d43a25e865d9c1d4664', '6', '1'), ('37408db105dd4d43a25e865d9c1d4664', '47c1d826b61749a8b86844244a480276', '1'), ('37408db105dd4d43a25e865d9c1d4664', '572d1488331c40dba2d8e7d123ed4c44', '1'), ('37408db105dd4d43a25e865d9c1d4664', 'c372276db7e647f9b7238b2bde59db48', '1'), ('37408db105dd4d43a25e865d9c1d4664', '12', '1'), ('37408db105dd4d43a25e865d9c1d4664', '2', '1'), ('37408db105dd4d43a25e865d9c1d4664', '3', '1'), ('37408db105dd4d43a25e865d9c1d4664', '4', '1'), ('37408db105dd4d43a25e865d9c1d4664', 'b1fb00cdb3ca4ade82123bbb18e40cd3', '1'), ('37408db105dd4d43a25e865d9c1d4664', '5', '1'), ('37408db105dd4d43a25e865d9c1d4664', '6', '1'), ('37408db105dd4d43a25e865d9c1d4664', '47c1d826b61749a8b86844244a480276', '1'), ('37408db105dd4d43a25e865d9c1d4664', '572d1488331c40dba2d8e7d123ed4c44', '1'), ('37408db105dd4d43a25e865d9c1d4664', 'c372276db7e647f9b7238b2bde59db48', '1'), ('37408db105dd4d43a25e865d9c1d4664', '12', '1'), ('37408db105dd4d43a25e865d9c1d4664', '5', '1'), ('37408db105dd4d43a25e865d9c1d4664', '6', '1'), ('37408db105dd4d43a25e865d9c1d4664', '47c1d826b61749a8b86844244a480276', '1'), ('37408db105dd4d43a25e865d9c1d4664', '572d1488331c40dba2d8e7d123ed4c44', '1'), ('37408db105dd4d43a25e865d9c1d4664', 'c372276db7e647f9b7238b2bde59db48', '1'), ('37408db105dd4d43a25e865d9c1d4664', '12', '1'), ('37408db105dd4d43a25e865d9c1d4664', '5', '1'), ('37408db105dd4d43a25e865d9c1d4664', '6', '1'), ('37408db105dd4d43a25e865d9c1d4664', '47c1d826b61749a8b86844244a480276', '1'), ('37408db105dd4d43a25e865d9c1d4664', 'c372276db7e647f9b7238b2bde59db48', '1'), ('37408db105dd4d43a25e865d9c1d4664', '12', '1'), ('37408db105dd4d43a25e865d9c1d4664', '5', '1'), ('37408db105dd4d43a25e865d9c1d4664', '6', '1'), ('37408db105dd4d43a25e865d9c1d4664', '47c1d826b61749a8b86844244a480276', '1'), ('37408db105dd4d43a25e865d9c1d4664', '572d1488331c40dba2d8e7d123ed4c44', '1'), ('37408db105dd4d43a25e865d9c1d4664', 'c372276db7e647f9b7238b2bde59db48', '1'), ('37408db105dd4d43a25e865d9c1d4664', '12', '1'), ('37408db105dd4d43a25e865d9c1d4664', '2', '1'), ('37408db105dd4d43a25e865d9c1d4664', '3', '1'), ('37408db105dd4d43a25e865d9c1d4664', '4', '1'), ('37408db105dd4d43a25e865d9c1d4664', 'b1fb00cdb3ca4ade82123bbb18e40cd3', '1'), ('37408db105dd4d43a25e865d9c1d4664', '5', '1'), ('37408db105dd4d43a25e865d9c1d4664', '6', '1'), ('37408db105dd4d43a25e865d9c1d4664', '47c1d826b61749a8b86844244a480276', '1'), ('37408db105dd4d43a25e865d9c1d4664', '572d1488331c40dba2d8e7d123ed4c44', '1'), ('37408db105dd4d43a25e865d9c1d4664', 'c372276db7e647f9b7238b2bde59db48', '1'), ('37408db105dd4d43a25e865d9c1d4664', '12', '1'), ('37408db105dd4d43a25e865d9c1d4664', '5', '1'), ('37408db105dd4d43a25e865d9c1d4664', '6', '1'), ('37408db105dd4d43a25e865d9c1d4664', '47c1d826b61749a8b86844244a480276', '1'), ('37408db105dd4d43a25e865d9c1d4664', '572d1488331c40dba2d8e7d123ed4c44', '1'), ('37408db105dd4d43a25e865d9c1d4664', 'c372276db7e647f9b7238b2bde59db48', '1'), ('37408db105dd4d43a25e865d9c1d4664', '12', '1'), ('37408db105dd4d43a25e865d9c1d4664', '5', '1'), ('37408db105dd4d43a25e865d9c1d4664', '6', '1'), ('37408db105dd4d43a25e865d9c1d4664', '572d1488331c40dba2d8e7d123ed4c44', '1'), ('37408db105dd4d43a25e865d9c1d4664', 'c372276db7e647f9b7238b2bde59db48', '1'), ('37408db105dd4d43a25e865d9c1d4664', '12', '1'), ('37408db105dd4d43a25e865d9c1d4664', '5', '1'), ('37408db105dd4d43a25e865d9c1d4664', '6', '1'), ('37408db105dd4d43a25e865d9c1d4664', '47c1d826b61749a8b86844244a480276', '1'), ('37408db105dd4d43a25e865d9c1d4664', '572d1488331c40dba2d8e7d123ed4c44', '1'), ('37408db105dd4d43a25e865d9c1d4664', 'c372276db7e647f9b7238b2bde59db48', '1'), ('37408db105dd4d43a25e865d9c1d4664', '12', '1'), ('37408db105dd4d43a25e865d9c1d4664', '5', '1'), ('37408db105dd4d43a25e865d9c1d4664', '6', '1'), ('37408db105dd4d43a25e865d9c1d4664', '47c1d826b61749a8b86844244a480276', '1'), ('37408db105dd4d43a25e865d9c1d4664', 'c372276db7e647f9b7238b2bde59db48', '1'), ('37408db105dd4d43a25e865d9c1d4664', '12', '1'), ('37408db105dd4d43a25e865d9c1d4664', '5', '1'), ('37408db105dd4d43a25e865d9c1d4664', '6', '1'), ('37408db105dd4d43a25e865d9c1d4664', '47c1d826b61749a8b86844244a480276', '1'), ('37408db105dd4d43a25e865d9c1d4664', '572d1488331c40dba2d8e7d123ed4c44', '1'), ('37408db105dd4d43a25e865d9c1d4664', 'c372276db7e647f9b7238b2bde59db48', '1'), ('37408db105dd4d43a25e865d9c1d4664', '12', '1'), ('37408db105dd4d43a25e865d9c1d4664', '2', '1'), ('37408db105dd4d43a25e865d9c1d4664', '3', '1'), ('37408db105dd4d43a25e865d9c1d4664', '12', '1'), ('37408db105dd4d43a25e865d9c1d4664', '5', '1'), ('37408db105dd4d43a25e865d9c1d4664', '6', '1'), ('37408db105dd4d43a25e865d9c1d4664', '47c1d826b61749a8b86844244a480276', '1'), ('37408db105dd4d43a25e865d9c1d4664', '572d1488331c40dba2d8e7d123ed4c44', '1'), ('37408db105dd4d43a25e865d9c1d4664', '12', '1'), ('37408db105dd4d43a25e865d9c1d4664', '5', '1'), ('37408db105dd4d43a25e865d9c1d4664', '6', '1'), ('37408db105dd4d43a25e865d9c1d4664', '47c1d826b61749a8b86844244a480276', '1'), ('37408db105dd4d43a25e865d9c1d4664', '572d1488331c40dba2d8e7d123ed4c44', '1'), ('37408db105dd4d43a25e865d9c1d4664', 'c372276db7e647f9b7238b2bde59db48', '1'), ('37408db105dd4d43a25e865d9c1d4664', '12', '1'), ('37408db105dd4d43a25e865d9c1d4664', '5', '1'), ('37408db105dd4d43a25e865d9c1d4664', '6', '1'), ('37408db105dd4d43a25e865d9c1d4664', '47c1d826b61749a8b86844244a480276', '1'), ('37408db105dd4d43a25e865d9c1d4664', '572d1488331c40dba2d8e7d123ed4c44', '1'), ('37408db105dd4d43a25e865d9c1d4664', '12', '1'), ('37408db105dd4d43a25e865d9c1d4664', '5', '1'), ('37408db105dd4d43a25e865d9c1d4664', '6', '1'), ('37408db105dd4d43a25e865d9c1d4664', '47c1d826b61749a8b86844244a480276', '1'), ('37408db105dd4d43a25e865d9c1d4664', '572d1488331c40dba2d8e7d123ed4c44', '1'), ('37408db105dd4d43a25e865d9c1d4664', 'c372276db7e647f9b7238b2bde59db48', '1'), ('37408db105dd4d43a25e865d9c1d4664', '12', '1'), ('37408db105dd4d43a25e865d9c1d4664', '5', '1'), ('37408db105dd4d43a25e865d9c1d4664', '6', '1'), ('37408db105dd4d43a25e865d9c1d4664', '572d1488331c40dba2d8e7d123ed4c44', '1'), ('37408db105dd4d43a25e865d9c1d4664', 'c372276db7e647f9b7238b2bde59db48', '1'), ('37408db105dd4d43a25e865d9c1d4664', '12', '1'), ('37408db105dd4d43a25e865d9c1d4664', '5', '1'), ('37408db105dd4d43a25e865d9c1d4664', '6', '1'), ('37408db105dd4d43a25e865d9c1d4664', '47c1d826b61749a8b86844244a480276', '1'), ('37408db105dd4d43a25e865d9c1d4664', '572d1488331c40dba2d8e7d123ed4c44', '1'), ('37408db105dd4d43a25e865d9c1d4664', '12', '1'), ('37408db105dd4d43a25e865d9c1d4664', '5', '1'), ('37408db105dd4d43a25e865d9c1d4664', '6', '1'), ('37408db105dd4d43a25e865d9c1d4664', '572d1488331c40dba2d8e7d123ed4c44', '1'), ('37408db105dd4d43a25e865d9c1d4664', '12', '1'), ('37408db105dd4d43a25e865d9c1d4664', '5', '1'), ('37408db105dd4d43a25e865d9c1d4664', '6', '1'), ('37408db105dd4d43a25e865d9c1d4664', '47c1d826b61749a8b86844244a480276', '1'), ('37408db105dd4d43a25e865d9c1d4664', '572d1488331c40dba2d8e7d123ed4c44', '1'), ('37408db105dd4d43a25e865d9c1d4664', 'c372276db7e647f9b7238b2bde59db48', '1'), ('6270d4974f754219a5907bfba76ce38e', '12', '1'), ('6270d4974f754219a5907bfba76ce38e', '2', '1'), ('6270d4974f754219a5907bfba76ce38e', '3', '1'), ('6270d4974f754219a5907bfba76ce38e', '4', '1'), ('6270d4974f754219a5907bfba76ce38e', 'b1fb00cdb3ca4ade82123bbb18e40cd3', '1'), ('6270d4974f754219a5907bfba76ce38e', 'c577237ee8814c05ab97633de75147bf', '1'), ('6270d4974f754219a5907bfba76ce38e', '017b42835e7245018f991fb8046c5aa5', '1'), ('6270d4974f754219a5907bfba76ce38e', '12', '1'), ('6270d4974f754219a5907bfba76ce38e', '2', '1'), ('6270d4974f754219a5907bfba76ce38e', '3', '1'), ('6270d4974f754219a5907bfba76ce38e', '4', '1'), ('6270d4974f754219a5907bfba76ce38e', 'b1fb00cdb3ca4ade82123bbb18e40cd3', '1'), ('6270d4974f754219a5907bfba76ce38e', 'c577237ee8814c05ab97633de75147bf', '1'), ('6270d4974f754219a5907bfba76ce38e', '017b42835e7245018f991fb8046c5aa5', '1'), ('6270d4974f754219a5907bfba76ce38e', '4689dff14ea94140ae12e8c6d3822d37', '1'), ('6270d4974f754219a5907bfba76ce38e', '16be7850fa5d4fa09a4c7c38f1c900d6', '1'), ('6270d4974f754219a5907bfba76ce38e', '7aaf08ce601a480280c0328752a96c81', '1'), ('6270d4974f754219a5907bfba76ce38e', '12', '1'), ('6270d4974f754219a5907bfba76ce38e', '2', '1'), ('6270d4974f754219a5907bfba76ce38e', '3', '1'), ('6270d4974f754219a5907bfba76ce38e', '4', '1'), ('6270d4974f754219a5907bfba76ce38e', 'b1fb00cdb3ca4ade82123bbb18e40cd3', '1'), ('6270d4974f754219a5907bfba76ce38e', '7202d1a0618e4aae9ecb4fa2ff0a7277', '1'), ('6270d4974f754219a5907bfba76ce38e', 'c577237ee8814c05ab97633de75147bf', '1'), ('6270d4974f754219a5907bfba76ce38e', '017b42835e7245018f991fb8046c5aa5', '1'), ('6270d4974f754219a5907bfba76ce38e', '4689dff14ea94140ae12e8c6d3822d37', '1'), ('6270d4974f754219a5907bfba76ce38e', '16be7850fa5d4fa09a4c7c38f1c900d6', '1'), ('6270d4974f754219a5907bfba76ce38e', '7aaf08ce601a480280c0328752a96c81', '1'), ('6270d4974f754219a5907bfba76ce38e', '12', '1'), ('6270d4974f754219a5907bfba76ce38e', '2', '1'), ('6270d4974f754219a5907bfba76ce38e', '3', '1'), ('6270d4974f754219a5907bfba76ce38e', '4', '1'), ('6270d4974f754219a5907bfba76ce38e', 'b1fb00cdb3ca4ade82123bbb18e40cd3', '1'), ('6270d4974f754219a5907bfba76ce38e', '7202d1a0618e4aae9ecb4fa2ff0a7277', '1'), ('6270d4974f754219a5907bfba76ce38e', 'c577237ee8814c05ab97633de75147bf', '1'), ('6270d4974f754219a5907bfba76ce38e', '017b42835e7245018f991fb8046c5aa5', '1'), ('6270d4974f754219a5907bfba76ce38e', '4689dff14ea94140ae12e8c6d3822d37', '1'), ('6270d4974f754219a5907bfba76ce38e', '372df9e31504489197117f0f1be49361', '1'), ('6270d4974f754219a5907bfba76ce38e', '16be7850fa5d4fa09a4c7c38f1c900d6', '1'), ('6270d4974f754219a5907bfba76ce38e', '7aaf08ce601a480280c0328752a96c81', '1'), ('6270d4974f754219a5907bfba76ce38e', '12', '1'), ('6270d4974f754219a5907bfba76ce38e', '2', '1'), ('6270d4974f754219a5907bfba76ce38e', '3', '1'), ('6270d4974f754219a5907bfba76ce38e', '4', '1'), ('6270d4974f754219a5907bfba76ce38e', 'b1fb00cdb3ca4ade82123bbb18e40cd3', '1'), ('6270d4974f754219a5907bfba76ce38e', '7202d1a0618e4aae9ecb4fa2ff0a7277', '1'), ('6270d4974f754219a5907bfba76ce38e', 'c577237ee8814c05ab97633de75147bf', '1'), ('6270d4974f754219a5907bfba76ce38e', '017b42835e7245018f991fb8046c5aa5', '1'), ('6270d4974f754219a5907bfba76ce38e', 'ba3a5f7d6b974db280c6f7cbe6ca9aef', '1'), ('6270d4974f754219a5907bfba76ce38e', '4689dff14ea94140ae12e8c6d3822d37', '1'), ('6270d4974f754219a5907bfba76ce38e', '372df9e31504489197117f0f1be49361', '1'), ('6270d4974f754219a5907bfba76ce38e', '16be7850fa5d4fa09a4c7c38f1c900d6', '1'), ('6270d4974f754219a5907bfba76ce38e', '7aaf08ce601a480280c0328752a96c81', '1'), ('6270d4974f754219a5907bfba76ce38e', '12', '1'), ('6270d4974f754219a5907bfba76ce38e', '2', '1'), ('6270d4974f754219a5907bfba76ce38e', '3', '1'), ('6270d4974f754219a5907bfba76ce38e', '4', '1'), ('6270d4974f754219a5907bfba76ce38e', 'b1fb00cdb3ca4ade82123bbb18e40cd3', '1'), ('6270d4974f754219a5907bfba76ce38e', '7202d1a0618e4aae9ecb4fa2ff0a7277', '1'), ('6270d4974f754219a5907bfba76ce38e', 'c577237ee8814c05ab97633de75147bf', '1'), ('6270d4974f754219a5907bfba76ce38e', '017b42835e7245018f991fb8046c5aa5', '1'), ('6270d4974f754219a5907bfba76ce38e', 'ba3a5f7d6b974db280c6f7cbe6ca9aef', '1'), ('6270d4974f754219a5907bfba76ce38e', '1e66d8ae17bb4d3f9c875e3967a7ca56', '1'), ('6270d4974f754219a5907bfba76ce38e', '4689dff14ea94140ae12e8c6d3822d37', '1'), ('6270d4974f754219a5907bfba76ce38e', '372df9e31504489197117f0f1be49361', '1'), ('6270d4974f754219a5907bfba76ce38e', '16be7850fa5d4fa09a4c7c38f1c900d6', '1'), ('6270d4974f754219a5907bfba76ce38e', '7aaf08ce601a480280c0328752a96c81', '1'), ('37408db105dd4d43a25e865d9c1d4664', '12', '0'), ('37408db105dd4d43a25e865d9c1d4664', 'c577237ee8814c05ab97633de75147bf', '0'), ('37408db105dd4d43a25e865d9c1d4664', '1e66d8ae17bb4d3f9c875e3967a7ca56', '0'), ('6270d4974f754219a5907bfba76ce38e', '12', '1'), ('6270d4974f754219a5907bfba76ce38e', '2', '1'), ('6270d4974f754219a5907bfba76ce38e', '3', '1'), ('6270d4974f754219a5907bfba76ce38e', '4', '1'), ('6270d4974f754219a5907bfba76ce38e', 'b1fb00cdb3ca4ade82123bbb18e40cd3', '1'), ('6270d4974f754219a5907bfba76ce38e', '7202d1a0618e4aae9ecb4fa2ff0a7277', '1'), ('6270d4974f754219a5907bfba76ce38e', 'c577237ee8814c05ab97633de75147bf', '1'), ('6270d4974f754219a5907bfba76ce38e', '017b42835e7245018f991fb8046c5aa5', '1'), ('6270d4974f754219a5907bfba76ce38e', 'ba3a5f7d6b974db280c6f7cbe6ca9aef', '1'), ('6270d4974f754219a5907bfba76ce38e', '1e66d8ae17bb4d3f9c875e3967a7ca56', '1'), ('6270d4974f754219a5907bfba76ce38e', '4689dff14ea94140ae12e8c6d3822d37', '1'), ('6270d4974f754219a5907bfba76ce38e', '372df9e31504489197117f0f1be49361', '1'), ('6270d4974f754219a5907bfba76ce38e', '16be7850fa5d4fa09a4c7c38f1c900d6', '1'), ('6270d4974f754219a5907bfba76ce38e', '84aab9188eed48719a03a1d321917a64', '1'), ('6270d4974f754219a5907bfba76ce38e', '7aaf08ce601a480280c0328752a96c81', '1'), ('6270d4974f754219a5907bfba76ce38e', '12', '0'), ('6270d4974f754219a5907bfba76ce38e', '2', '0'), ('6270d4974f754219a5907bfba76ce38e', '3', '0'), ('6270d4974f754219a5907bfba76ce38e', '4', '0'), ('6270d4974f754219a5907bfba76ce38e', 'b1fb00cdb3ca4ade82123bbb18e40cd3', '0'), ('6270d4974f754219a5907bfba76ce38e', '7202d1a0618e4aae9ecb4fa2ff0a7277', '0'), ('6270d4974f754219a5907bfba76ce38e', 'c577237ee8814c05ab97633de75147bf', '0'), ('6270d4974f754219a5907bfba76ce38e', '017b42835e7245018f991fb8046c5aa5', '0'), ('6270d4974f754219a5907bfba76ce38e', 'ba3a5f7d6b974db280c6f7cbe6ca9aef', '0'), ('6270d4974f754219a5907bfba76ce38e', '1e66d8ae17bb4d3f9c875e3967a7ca56', '0'), ('6270d4974f754219a5907bfba76ce38e', '4689dff14ea94140ae12e8c6d3822d37', '0'), ('6270d4974f754219a5907bfba76ce38e', '372df9e31504489197117f0f1be49361', '0'), ('6270d4974f754219a5907bfba76ce38e', '16be7850fa5d4fa09a4c7c38f1c900d6', '0'), ('6270d4974f754219a5907bfba76ce38e', '84aab9188eed48719a03a1d321917a64', '0');
COMMIT;

-- ----------------------------
--  Table structure for `t_user`
-- ----------------------------
DROP TABLE IF EXISTS `t_user`;
CREATE TABLE `t_user` (
  `id` varchar(32) NOT NULL,
  `usercode` varchar(64) DEFAULT NULL,
  `password` varchar(32) DEFAULT NULL,
  `username` varchar(255) DEFAULT NULL,
  `birthday` date DEFAULT NULL,
  `sex` varchar(2) DEFAULT NULL,
  `address` varchar(255) DEFAULT NULL,
  `del_flag` varchar(2) DEFAULT NULL,
  `create_date` datetime DEFAULT NULL,
  `create_by` varchar(32) DEFAULT NULL,
  `update_date` datetime DEFAULT NULL,
  `update_by` varchar(32) DEFAULT NULL,
  `remarks` varchar(64) DEFAULT NULL,
  PRIMARY KEY (`id`)
) ENGINE=InnoDB DEFAULT CHARSET=utf8;

-- ----------------------------
--  Records of `t_user`
-- ----------------------------
BEGIN;
INSERT INTO `t_user` VALUES ('1', 'admin', 'E10ADC3949BA59ABBE56E057F20F883E', '管理员', null, '1', null, '0', null, null, null, null, null), ('48d944e998814da28c693bb4bbc94c23', 'jiejie', 'E10ADC3949BA59ABBE56E057F20F883E', 'jiejie', null, '2', null, '0', null, null, '2017-03-19 14:12:06', null, null);
COMMIT;

-- ----------------------------
--  Table structure for `t_user_role`
-- ----------------------------
DROP TABLE IF EXISTS `t_user_role`;
CREATE TABLE `t_user_role` (
  `id` char(32) NOT NULL COMMENT '主键',
  `user_id` char(32) DEFAULT NULL COMMENT '人员主键',
  `role_id` char(32) DEFAULT NULL COMMENT '角色主键',
  `del_flag` varchar(1) NOT NULL DEFAULT '0' COMMENT '删除标记0：正常 1：删除',
  `source_id` varchar(4) DEFAULT NULL COMMENT '来源代码',
  `create_by` varchar(32) DEFAULT NULL COMMENT '创建者',
  `create_date` datetime DEFAULT NULL COMMENT '创建时间',
  `update_by` varchar(32) DEFAULT NULL COMMENT '更新者',
  `update_date` datetime DEFAULT NULL COMMENT '更新时间',
  PRIMARY KEY (`id`)
) ENGINE=InnoDB DEFAULT CHARSET=utf8 COMMENT='人员权限表';

-- ----------------------------
--  Records of `t_user_role`
-- ----------------------------
BEGIN;
INSERT INTO `t_user_role` VALUES ('7d9eeaac1c3c40bc8acca94bdfbdff56', '48d944e998814da28c693bb4bbc94c23', '37408db105dd4d43a25e865d9c1d4664', '0', null, null, null, null, '2017-03-19 17:06:00'), ('cd375a90d6ee4d31acaf8857e5ef4400', '1', '6270d4974f754219a5907bfba76ce38e', '0', null, null, null, null, '2017-03-19 16:42:13');
COMMIT;

-- ----------------------------
--  Table structure for `tm_admin`
-- ----------------------------
DROP TABLE IF EXISTS `tm_admin`;
CREATE TABLE `tm_admin` (
  `a_id` varchar(50) NOT NULL,
  `a_username` varchar(50) DEFAULT NULL,
  `a_userpass` varchar(50) DEFAULT NULL,
  `a_roleid` varchar(50) DEFAULT NULL,
  `a_realname` varchar(50) DEFAULT NULL,
  `a_photo` varchar(100) DEFAULT NULL,
  `a_phone` varchar(50) DEFAULT NULL,
  `a_email` varchar(50) DEFAULT NULL,
  `a_status` int(2) DEFAULT NULL,
  `a_createdate` datetime DEFAULT NULL,
  `a_salt` varchar(10) DEFAULT NULL,
  `a_remark` varchar(500) DEFAULT NULL,
  PRIMARY KEY (`a_id`),
  KEY `FK_ref_admin_role` (`a_roleid`)
) ENGINE=InnoDB DEFAULT CHARSET=utf8;

-- ----------------------------
--  Records of `tm_admin`
-- ----------------------------
BEGIN;
INSERT INTO `tm_admin` VALUES ('898cefdf-d372-410d-b5d5-332e71b43e64', 'admin', '654766ADB418B298E0C494DB9232CB1B', '7e33ecad-b7c5-4b93-a4ff-b13f12a067be', '管理员', '', '139231', 'admin@tomexam.com', '1', '2016-03-12 21:52:46', 't8kgmtbiom', 'This is administrator&#39;s account');
COMMIT;

-- ----------------------------
--  Table structure for `tm_admin_addition`
-- ----------------------------
DROP TABLE IF EXISTS `tm_admin_addition`;
CREATE TABLE `tm_admin_addition` (
  `a_id` varchar(50) DEFAULT NULL,
  `a_logintimes` int(11) DEFAULT '0',
  `a_lastlogin` datetime DEFAULT NULL,
  KEY `FK_ref_admin_addtion` (`a_id`),
  CONSTRAINT `tm_admin_addition_ibfk_1` FOREIGN KEY (`a_id`) REFERENCES `tm_admin` (`a_id`) ON DELETE CASCADE ON UPDATE NO ACTION
) ENGINE=InnoDB DEFAULT CHARSET=utf8;

-- ----------------------------
--  Records of `tm_admin_addition`
-- ----------------------------
BEGIN;
INSERT INTO `tm_admin_addition` VALUES ('898cefdf-d372-410d-b5d5-332e71b43e64', '93', '2017-05-17 10:07:09');
COMMIT;

-- ----------------------------
--  Table structure for `tm_admin_role`
-- ----------------------------
DROP TABLE IF EXISTS `tm_admin_role`;
CREATE TABLE `tm_admin_role` (
  `r_id` varchar(50) NOT NULL,
  `r_name` varchar(50) DEFAULT NULL,
  `r_status` int(2) DEFAULT NULL,
  `r_createdate` datetime DEFAULT NULL,
  `r_privilege` text,
  PRIMARY KEY (`r_id`)
) ENGINE=InnoDB DEFAULT CHARSET=utf8;

-- ----------------------------
--  Records of `tm_admin_role`
-- ----------------------------
BEGIN;
INSERT INTO `tm_admin_role` VALUES ('7e33ecad-b7c5-4b93-a4ff-b13f12a067be', '超级管理员', '1', '2016-03-11 22:48:03', 'M-QDB,F-QDB,P-QDB-ADD,P-QDB-DELETE,P-QDB-UPDATE,P-QDB-VIEW,F-QES,P-QES-ADD,P-QES-DELETE,P-QES-UPDATE,P-QES-VIEW,P-QES-IMPORT,M-PAPER,F-PAPER,P-PAPER-ADD,P-PAPER-DELETE,P-PAPER-CLONE,P-PAPER-EXPORTWORD,P-PAPER-UPDATE,P-PAPER-VIEW,P-PAPER-HISTORY-VIEW,P-PAPER-HISTORY-CHECK,P-PAPER-HISTORY-REMOVE,F-PAPER-CATE,P-PAPER-CATE-ADD,P-PAPER-CATE-DELETE,P-PAPER-CATE-UPDATE,P-PAPER-CATE-VIEW,M-ANALYSIS,F-ANALYSIS,P-ANA-EXAM,P-ANA-PAPER,P-ANA-SCORE,M-USERS,F-USERS,P-USER-ADD,P-USER-IMPORT,P-USER-DELETE,P-USER-UPDATE,P-USER-VIEW,P-USER-EXAMVIEW,F-BRANCH,P-BRANCH-ADD,P-BRANCH-DELETE,P-BRANCH-UPDATE,P-BRANCH-VIEW,F-UPOSITION,P-UPOSITION-ADD,P-UPOSITION-DELETE,P-UPOSITION-UPDATE,P-UPOSITION-VIEW,M-INTERACTION,F-NEWS,P-NEWS-ADD,P-NEWS-DELETE,P-NEWS-UPDATE,P-NEWS-VIEW,F-NEWSCATE,P-NEWSCATE-ADD,P-NEWSCATE-DELETE,P-NEWSCATE-UPDATE,P-NEWSCATE-VIEW,M-SYSTEM,F-SYS,P-SYS-CONFIG,P-SYS-LOG,F-ADMIN,P-ADMIN-ADD,P-ADMIN-DELETE,P-ADMIN-UPDATE,P-ADMIN-VIEW,F-ROLE,P-ROLE-ADD,P-ROLE-DELETE,P-ROLE-UPDATE,P-ROLE-VIEW,M-OTHER,F-SUPER,P-OTH-SUPER');
COMMIT;

-- ----------------------------
--  Table structure for `tm_branch`
-- ----------------------------
DROP TABLE IF EXISTS `tm_branch`;
CREATE TABLE `tm_branch` (
  `b_id` varchar(50) NOT NULL,
  `b_name` varchar(50) DEFAULT NULL,
  `b_pid` varchar(50) DEFAULT NULL,
  `b_remark` varchar(50) DEFAULT NULL,
  `b_order` int(3) DEFAULT NULL,
  `b_status` int(2) DEFAULT NULL,
  `b_poster` varchar(50) DEFAULT NULL,
  `b_createdate` datetime DEFAULT NULL,
  `b_modifyor` varchar(50) DEFAULT NULL,
  `b_modifydate` datetime DEFAULT NULL,
  PRIMARY KEY (`b_id`)
) ENGINE=InnoDB DEFAULT CHARSET=utf8;

-- ----------------------------
--  Records of `tm_branch`
-- ----------------------------
BEGIN;
INSERT INTO `tm_branch` VALUES ('827ea7bb-138d-425e-9fdf-13e97172b039', '测试部门', '0', '', '1', '1', 'admin', '2016-06-11 23:04:17', 'admin', '2016-06-11 23:04:17');
COMMIT;

-- ----------------------------
--  Table structure for `tm_course`
-- ----------------------------
DROP TABLE IF EXISTS `tm_course`;
CREATE TABLE `tm_course` (
  `c_id` varchar(50) NOT NULL,
  `c_name` varchar(100) DEFAULT NULL,
  `c_logo` varchar(100) DEFAULT NULL,
  `c_tid` varchar(50) DEFAULT NULL,
  `c_caid` varchar(50) DEFAULT NULL,
  `c_score` int(11) DEFAULT NULL,
  `c_type` int(2) DEFAULT NULL COMMENT '1必修，0选修',
  `c_introduce` text,
  `c_postdate` datetime DEFAULT NULL,
  `c_modifydate` datetime DEFAULT NULL,
  `c_status` int(2) DEFAULT '0' COMMENT '1正常，-9已删除，0待审核',
  `c_stars` int(11) DEFAULT NULL COMMENT '管理员给的分值，如：5代表5颗星',
  `c_data` longtext,
  `c_poster` varchar(50) DEFAULT NULL,
  `c_modifier` varchar(50) DEFAULT NULL,
  PRIMARY KEY (`c_id`)
) ENGINE=InnoDB DEFAULT CHARSET=utf8;

-- ----------------------------
--  Table structure for `tm_course_category`
-- ----------------------------
DROP TABLE IF EXISTS `tm_course_category`;
CREATE TABLE `tm_course_category` (
  `ca_id` varchar(50) NOT NULL,
  `ca_name` varchar(50) DEFAULT NULL,
  `ca_desc` text,
  `ca_logo` varchar(100) DEFAULT NULL,
  `ca_pid` varchar(50) DEFAULT NULL,
  `ca_status` int(2) DEFAULT NULL,
  `ca_order` int(11) DEFAULT NULL,
  `ca_postdate` datetime DEFAULT NULL,
  PRIMARY KEY (`ca_id`)
) ENGINE=InnoDB DEFAULT CHARSET=utf8;

-- ----------------------------
--  Table structure for `tm_course_comments`
-- ----------------------------
DROP TABLE IF EXISTS `tm_course_comments`;
CREATE TABLE `tm_course_comments` (
  `c_id` varchar(50) NOT NULL,
  `c_cid` varchar(50) DEFAULT NULL,
  `c_uid` varchar(50) DEFAULT NULL,
  `c_content` text,
  `c_postdate` datetime DEFAULT NULL,
  `c_ip` varchar(50) DEFAULT NULL,
  `c_status` int(2) DEFAULT NULL COMMENT '1正常，-9已删除',
  PRIMARY KEY (`c_id`)
) ENGINE=InnoDB DEFAULT CHARSET=utf8;

-- ----------------------------
--  Table structure for `tm_course_favorites`
-- ----------------------------
DROP TABLE IF EXISTS `tm_course_favorites`;
CREATE TABLE `tm_course_favorites` (
  `f_id` varchar(50) NOT NULL,
  `f_cid` varchar(50) DEFAULT NULL,
  `f_uid` varchar(50) DEFAULT NULL,
  `f_favdate` datetime DEFAULT NULL,
  PRIMARY KEY (`f_id`)
) ENGINE=InnoDB DEFAULT CHARSET=utf8;

-- ----------------------------
--  Table structure for `tm_course_note`
-- ----------------------------
DROP TABLE IF EXISTS `tm_course_note`;
CREATE TABLE `tm_course_note` (
  `n_id` varchar(50) NOT NULL,
  `n_cid` varchar(50) DEFAULT NULL,
  `n_sid` varchar(50) DEFAULT NULL,
  `n_leid` varchar(50) DEFAULT NULL,
  `n_uid` varchar(50) DEFAULT NULL,
  `n_content` text,
  `n_postdate` datetime DEFAULT NULL,
  `n_status` int(2) DEFAULT NULL,
  PRIMARY KEY (`n_id`)
) ENGINE=InnoDB DEFAULT CHARSET=utf8;

-- ----------------------------
--  Table structure for `tm_course_progress_history`
-- ----------------------------
DROP TABLE IF EXISTS `tm_course_progress_history`;
CREATE TABLE `tm_course_progress_history` (
  `p_id` varchar(50) NOT NULL,
  `p_cid` varchar(50) DEFAULT NULL,
  `p_sid` varchar(50) DEFAULT NULL,
  `p_leid` varchar(50) DEFAULT NULL,
  `p_uid` varchar(50) DEFAULT NULL,
  `p_startdate` datetime DEFAULT NULL COMMENT '1完成，0进行中',
  `p_enddate` datetime DEFAULT NULL,
  PRIMARY KEY (`p_id`)
) ENGINE=InnoDB DEFAULT CHARSET=utf8;

-- ----------------------------
--  Table structure for `tm_course_qa`
-- ----------------------------
DROP TABLE IF EXISTS `tm_course_qa`;
CREATE TABLE `tm_course_qa` (
  `q_id` varchar(50) NOT NULL,
  `q_cid` varchar(50) DEFAULT NULL,
  `q_uid` varchar(50) DEFAULT NULL,
  `q_question` text,
  `q_answer` text,
  `q_postdate` datetime DEFAULT NULL,
  `q_answerdate` datetime DEFAULT NULL,
  `q_status` int(2) DEFAULT NULL COMMENT '0未回答，1已回答（正常），-9已删除',
  PRIMARY KEY (`q_id`)
) ENGINE=InnoDB DEFAULT CHARSET=utf8;

-- ----------------------------
--  Table structure for `tm_course_teacher`
-- ----------------------------
DROP TABLE IF EXISTS `tm_course_teacher`;
CREATE TABLE `tm_course_teacher` (
  `t_id` varchar(50) NOT NULL,
  `t_name` varchar(50) DEFAULT NULL,
  `t_phone` varchar(50) DEFAULT NULL,
  `t_email` varchar(50) DEFAULT NULL,
  `t_photo` varchar(100) DEFAULT NULL,
  `t_info` text,
  `t_createdate` datetime DEFAULT NULL,
  `t_modifydate` datetime DEFAULT NULL,
  PRIMARY KEY (`t_id`)
) ENGINE=InnoDB DEFAULT CHARSET=utf8;

-- ----------------------------
--  Table structure for `tm_course_userscore_detail`
-- ----------------------------
DROP TABLE IF EXISTS `tm_course_userscore_detail`;
CREATE TABLE `tm_course_userscore_detail` (
  `d_id` varchar(50) NOT NULL,
  `d_cid` varchar(50) DEFAULT NULL,
  `d_uid` varchar(50) DEFAULT NULL,
  `d_passdate` datetime DEFAULT NULL,
  `d_score` int(11) DEFAULT NULL,
  PRIMARY KEY (`d_id`)
) ENGINE=InnoDB DEFAULT CHARSET=utf8;

-- ----------------------------
--  Table structure for `tm_examdata`
-- ----------------------------
DROP TABLE IF EXISTS `tm_examdata`;
CREATE TABLE `tm_examdata` (
  `e_id` varchar(50) NOT NULL,
  `e_pid` varchar(50) DEFAULT NULL,
  `e_uid` varchar(50) DEFAULT NULL,
  `e_starttime` datetime DEFAULT NULL,
  `e_endtime` datetime DEFAULT NULL,
  `e_ip` varchar(50) DEFAULT NULL,
  `e_score` int(4) DEFAULT NULL,
  `e_status` int(2) DEFAULT NULL COMMENT '0未交卷，1已交卷待批改，2已批改',
  `e_data` longtext,
  `e_check` longtext,
  PRIMARY KEY (`e_id`),
  KEY `IDX_PID` (`e_pid`),
  KEY `IDX_UID` (`e_uid`)
) ENGINE=InnoDB DEFAULT CHARSET=utf8;

-- ----------------------------
--  Records of `tm_examdata`
-- ----------------------------
BEGIN;
INSERT INTO `tm_examdata` VALUES ('26327b7f-9261-43a1-9470-6d19f311c233', 'b86e090a-42dd-4f56-9fd2-d190f44594fb', '76800b8f-4827-4732-94f4-729315cbfc18', '2017-02-25 23:42:42', '2017-02-25 23:47:33', '127.0.0.1', '35', '2', '{\"Q-422d18ce-2092-4f6c-a8e9-b0971421e65b\":\"B\",\"Q-af7fc705-b38b-49ae-ad63-54c3d2499d92\":\"Y\",\"Q-f27ca2e4-c511-45df-afc7-6534c909190e\":\"B\",\"Q-aa55ff1e-e183-41aa-a830-b855d77382e2\":\"A`B`C`D\",\"Q-f8c27356-cf28-4d6b-9fbd-9dd355603711\":\"A`B`C\",\"Q-68c584f9-d1a7-43cc-b325-d619c7385ec8\":\"B\",\"Q-6229f8fb-c7a8-4755-969f-8e604ac94be1\":\"Y\",\"Q-fba4649a-f6a4-4f53-921c-089b881dfd32\":\"B\",\"Q-37a28a88-08bf-4a58-b6fd-028dd9d9e243\":\"Y\",\"Q-2d58eee2-33e0-4334-8259-9a16c23f6832\":\"B\",\"Q-f5d68879-a9dd-438b-9389-cc1ec6c7fd6a\":\"A`B\",\"Q-17ccfa68-b08c-4fb8-a423-e1735aca9b23\":\"Y\",\"Q-1affb9f8-d36b-4c3d-b04b-85ac4a81e0c7\":\"Y\",\"Q-d0aaf4be-f05a-498d-a83b-35dfe41bfa49\":\"B\",\"Q-b26bccad-f138-4f67-bc32-85b4dc755579\":\"A`B\",\"Q-515c7c31-db05-4ee8-b802-7dca0bd08c8d\":\"B\",\"Q-246297ee-d1a5-41d0-adaa-b14d517d97a9\":\"B\",\"Q-1e65e7a9-2005-4cdf-9419-d14d4327ab8a\":\"B\",\"Q-d28161c9-29ef-4bf6-94f4-588d2b7dcc68\":\"A`B`D\",\"Q-3bab31fa-9676-49b7-b642-1b3098fc2819\":\"B\"}', '{\"Q-3bab31fa-9676-49b7-b642-1b3098fc2819\":0,\"Q-f27ca2e4-c511-45df-afc7-6534c909190e\":0,\"Q-515c7c31-db05-4ee8-b802-7dca0bd08c8d\":0,\"Q-246297ee-d1a5-41d0-adaa-b14d517d97a9\":0,\"Q-422d18ce-2092-4f6c-a8e9-b0971421e65b\":0,\"Q-2d58eee2-33e0-4334-8259-9a16c23f6832\":5,\"Q-1e65e7a9-2005-4cdf-9419-d14d4327ab8a\":0,\"Q-d0aaf4be-f05a-498d-a83b-35dfe41bfa49\":0,\"Q-68c584f9-d1a7-43cc-b325-d619c7385ec8\":0,\"Q-fba4649a-f6a4-4f53-921c-089b881dfd32\":0,\"Q-f5d68879-a9dd-438b-9389-cc1ec6c7fd6a\":0,\"Q-b26bccad-f138-4f67-bc32-85b4dc755579\":0,\"Q-d28161c9-29ef-4bf6-94f4-588d2b7dcc68\":5,\"Q-aa55ff1e-e183-41aa-a830-b855d77382e2\":5,\"Q-f8c27356-cf28-4d6b-9fbd-9dd355603711\":5,\"Q-af7fc705-b38b-49ae-ad63-54c3d2499d92\":5,\"Q-1affb9f8-d36b-4c3d-b04b-85ac4a81e0c7\":0,\"Q-6229f8fb-c7a8-4755-969f-8e604ac94be1\":5,\"Q-17ccfa68-b08c-4fb8-a423-e1735aca9b23\":0,\"Q-37a28a88-08bf-4a58-b6fd-028dd9d9e243\":5}'), ('2c45d7ff-e572-44cf-b911-4d9348debeee', '495a3765-577b-40bc-b054-7410320678e0', '3509d6a1-a54c-41ca-a818-cd3182df3188', '2017-05-17 09:57:04', null, '127.0.0.1', '0', '0', null, null), ('4de66164-1cdb-478f-b020-7e79f83fa5da', 'f4bdf052-f9c8-4deb-9f5d-ecc8bed2b23b', '76800b8f-4827-4732-94f4-729315cbfc18', '2016-10-28 23:29:24', '2016-10-28 23:29:44', '127.0.0.1', '4', '2', '{\"Q-aa55ff1e-e183-41aa-a830-b855d77382e2\":\"D\",\"Q-89deca48-97e2-4cf9-a9c7-fb7cf14076d8\":\"Y\",\"Q-6229f8fb-c7a8-4755-969f-8e604ac94be1\":\"N\",\"Q-ffd4e580-c453-4912-9767-38df2537f6ee\":\"A\",\"Q-1affb9f8-d36b-4c3d-b04b-85ac4a81e0c7\":\"N\",\"Q-3255646b-3e61-42ca-b362-6ec308e07d6e\":\"111\",\"Q-d0aaf4be-f05a-498d-a83b-35dfe41bfa49\":\"B\",\"Q-2b94d57e-d5cb-408b-902d-9c5421c6fc4a\":\"N\",\"Q-246297ee-d1a5-41d0-adaa-b14d517d97a9\":\"B\",\"Q-d28161c9-29ef-4bf6-94f4-588d2b7dcc68\":\"A\",\"Q-1e65e7a9-2005-4cdf-9419-d14d4327ab8a\":\"D\",\"Q-422d18ce-2092-4f6c-a8e9-b0971421e65b\":\"B\",\"Q-363add9c-72d5-466d-a521-410f38cedd82\":\"11\",\"Q-e4f9a82d-1609-42ec-a659-73bcc9195c20\":\"1111\",\"Q-4082d364-b446-44c3-b9a1-48bbfa8de91a\":\"N\",\"Q-f5d68879-a9dd-438b-9389-cc1ec6c7fd6a\":\"A\",\"Q-b26bccad-f138-4f67-bc32-85b4dc755579\":\"B\",\"Q-c595c912-17d1-4316-8d5c-3e51bdf7e933\":\"11\",\"Q-19fbe701-7c09-4443-89bb-87508d98fa80\":\"111\",\"Q-c6f898ac-6ac9-441f-8179-0780b3c1db22\":\"1\",\"Q-48711712-59d6-4631-8840-e8f88709a4d5\":\"11`11\",\"Q-3bab31fa-9676-49b7-b642-1b3098fc2819\":\"B\",\"Q-e7e49e62-9efd-40db-9547-dc04ac25aad9\":\"111\"}', '{\"Q-1e65e7a9-2005-4cdf-9419-d14d4327ab8a\":0,\"Q-422d18ce-2092-4f6c-a8e9-b0971421e65b\":0,\"Q-3bab31fa-9676-49b7-b642-1b3098fc2819\":0,\"Q-246297ee-d1a5-41d0-adaa-b14d517d97a9\":0,\"Q-d0aaf4be-f05a-498d-a83b-35dfe41bfa49\":0,\"Q-d28161c9-29ef-4bf6-94f4-588d2b7dcc68\":0,\"Q-aa55ff1e-e183-41aa-a830-b855d77382e2\":0,\"Q-b26bccad-f138-4f67-bc32-85b4dc755579\":0,\"Q-f5d68879-a9dd-438b-9389-cc1ec6c7fd6a\":0,\"Q-ffd4e580-c453-4912-9767-38df2537f6ee\":0,\"Q-89deca48-97e2-4cf9-a9c7-fb7cf14076d8\":2,\"Q-4082d364-b446-44c3-b9a1-48bbfa8de91a\":0,\"Q-6229f8fb-c7a8-4755-969f-8e604ac94be1\":0,\"Q-2b94d57e-d5cb-408b-902d-9c5421c6fc4a\":0,\"Q-1affb9f8-d36b-4c3d-b04b-85ac4a81e0c7\":2,\"Q-363add9c-72d5-466d-a521-410f38cedd82\":0,\"Q-48711712-59d6-4631-8840-e8f88709a4d5\":0,\"Q-c595c912-17d1-4316-8d5c-3e51bdf7e933\":0,\"Q-c6f898ac-6ac9-441f-8179-0780b3c1db22\":0,\"Q-3255646b-3e61-42ca-b362-6ec308e07d6e\":0,\"Q-19fbe701-7c09-4443-89bb-87508d98fa80\":0,\"Q-e4f9a82d-1609-42ec-a659-73bcc9195c20\":0,\"Q-e7e49e62-9efd-40db-9547-dc04ac25aad9\":0}');
COMMIT;

-- ----------------------------
--  Table structure for `tm_examdata_addition`
-- ----------------------------
DROP TABLE IF EXISTS `tm_examdata_addition`;
CREATE TABLE `tm_examdata_addition` (
  `e_id` int(11) NOT NULL,
  `e_pid` varchar(50) DEFAULT NULL,
  `e_uid` varchar(50) DEFAULT NULL,
  `e_remarker` varchar(50) DEFAULT NULL,
  `e_remark` text,
  `e_remarkdate` datetime DEFAULT NULL,
  PRIMARY KEY (`e_id`)
) ENGINE=InnoDB DEFAULT CHARSET=utf8;

-- ----------------------------
--  Table structure for `tm_news`
-- ----------------------------
DROP TABLE IF EXISTS `tm_news`;
CREATE TABLE `tm_news` (
  `n_id` varchar(50) NOT NULL,
  `n_title` varchar(100) DEFAULT NULL,
  `n_title_color` varchar(20) DEFAULT NULL,
  `n_classid` varchar(50) DEFAULT NULL,
  `n_content` text,
  `n_status` int(2) DEFAULT NULL,
  `n_totop` int(2) DEFAULT NULL,
  `n_visit` int(10) DEFAULT NULL,
  `n_photo` varchar(50) DEFAULT NULL,
  `n_author` varchar(20) DEFAULT NULL,
  `n_newsfrom` varchar(50) DEFAULT NULL,
  `n_poster` varchar(50) DEFAULT NULL,
  `n_createdate` datetime DEFAULT NULL,
  `n_modifyor` varchar(50) DEFAULT NULL,
  `n_modifydate` datetime DEFAULT NULL,
  PRIMARY KEY (`n_id`)
) ENGINE=InnoDB DEFAULT CHARSET=utf8;

-- ----------------------------
--  Records of `tm_news`
-- ----------------------------
BEGIN;
INSERT INTO `tm_news` VALUES ('5e1cd257-03d8-440d-867e-8270ab4dc77c', '2016年考研泄题源头系印刷工人 被开价百万收买', '#000000', '5fc58891-883f-462c-b29e-1ce1a115f487', '<p>　　原标题：培训机构频频涉案折射监管之失</p>\r\n\r\n<p>　　记者 朱娟娟 雷宇 实习生 陈俞</p>\r\n\r\n<p>　　2016年研究生入学考试泄题案持续引发关注。</p>\r\n\r\n<p>　　中国青年报&middot;中青在线记者采访、梳理发现，不仅是研究生入学考试，高考舞弊案、英语四六级考试泄题案、司法考试泄题案&hellip;&hellip;近年来陆续曝光的国家级考试舞弊（泄题）案背后，总有考试培训机构的身影，而且是黑色利益链中承上启下的重要环节。</p>\r\n\r\n<p>　　&ldquo;培训机构频频涉案背后，是巨大利益驱动使然。&rdquo;长期参与打击助考犯罪的湖北省公安厅网安总队一级警长刘长久说。</p>\r\n\r\n<p>　　多名业内人士则表示，考试培训行业鱼龙混杂，行业竞争秩序遭到破坏，甚至此前涉及泄题事件的某些培训机构，其&ldquo;污点&rdquo;转化为招生新&ldquo;招牌&rdquo;，&ldquo;劣币驱逐良币&rdquo;让行业环境更加恶化，也不断危及考试的公平公正。</p>\r\n\r\n<p>　　<strong>舞弊案背后的身影</strong></p>\r\n\r\n<p>　　2016年研究生入学考试泄题案震惊全国，被称作刑法修正案（九）施行以来，&ldquo;组织考试作弊罪&rdquo;团伙第一案。湖北警方深入调查追查到窃题源头，11个犯罪团伙被端，此案涉及河南郑州、湖北武汉等地多个培训机构。此案中，主要嫌疑人王某波、李某源等，均开办考试培训机构；直接与李某源团伙合作，购买试题、答案的培训机构亦有3家。</p>\r\n\r\n<p>　　事实上，涉及考研、英语四六级、高考等国家级考试中，培训机构涉事早已不是个案。因为披着合法的市场外衣，培训机构可以一边找上家买题一边组织考生培训，由此成为舞弊案黑色利益链上的重要一环。</p>\r\n\r\n<p>　　记者检索中国裁判文书网发现，培训机构犯罪相关的文书有十余件之多，遍及东北、华中等地域。</p>\r\n\r\n<p>　　长春市奥莱公寓，一度成为多家考试培训机构扎堆、非法作案的集中地。来自法院的判决书显示，赵某某、乔某某、张某某经密谋，于2013年11月末至2014年1月初，在该公寓12楼、15楼、24楼，分别以&ldquo;金硕考研培训机构&rdquo;&ldquo;优学培训机构&rdquo;&ldquo;新起航教育培训机构&rdquo;名义，向考生提供考试作弊器等。2014年1月2日，三人在给考生发放、调试考试作弊器材时，被当场抓获。</p>\r\n\r\n<p>　　2012年全国硕士研究生统一入学考试泄题案中，某全国知名考研辅导机构涉案，相关责任人被警方刑拘。武汉一家大型考试培训机构负责人余阳（化名）介绍，起初市场上考试培训机构不多，也鲜有&ldquo;偷题&rdquo;事件。随着市场越来越大，考试培训机构如雨后春笋，许多舞弊团伙打着办培训班的幌子掩盖非法行为，偷拍试题、组织替考等手段越来越多。</p>\r\n\r\n<p>　　<strong>巨大的利益空间</strong></p>\r\n\r\n<p>　　湖北警方透露，2016年研究生入学考试泄题案犯罪嫌疑人中，不少人已不是初次犯案。李某源即曾因助考被判刑，出狱后开培训机构、转战武汉卖试题及答案。</p>\r\n\r\n<p>　　去年11月，刑法修正案（九）将组织考试作弊等行为纳入刑罚之列。重典之下，一些涉案人员为何在被处罚后，依然铤而走险？&ldquo;主要还是巨大利益驱使。&rdquo;刘长久说，培训机构、舞弊组织、考务人员、招生代理、考生等，形成暴利同盟。</p>\r\n\r\n<p>　　湖北警方披露，2016年研究生入学考试泄题案泄题源头之一、河南某印刷厂内部人员，即被犯罪嫌疑人罗某某许诺，考后给予百万元报酬。而罗某某将试题提供给李某源时，要价直接翻番，达到200万元。武汉几家考试培训机构从李某源团伙购买到试题及答案后，则直接与考生签署&ldquo;包过&rdquo;协议，考生考前考后上交款项动辄数万元。</p>\r\n\r\n<p>　　今年年初，长春净月高新技术产业开发区人民法院判决的一起组织考试作弊案显示，周某甲以42000元价格购进考试作弊器材60套，随后出售器材及答案共42套，得款19万元，超出其成本近4倍。</p>\r\n\r\n<p>　　法院判决书上展示了这样的细节：周某甲卖出的单个价格，最多的收到8000元，有的100元也能成交。</p>\r\n\r\n<p>　　余阳向记者算了一笔账：仅湖北，近年研究生考试人员年均10万人，其中五分之一会选择参加培训。考研培训市场以亿元计，不少培训机构面向全国市场。</p>\r\n\r\n<p>　　&ldquo;正是巨大的利益驱使，使得一些培训机构想方设法抢生源，扰乱市场秩序。&rdquo;余阳告诉记者，竞争对手甚至将&ldquo;包过&rdquo;招生广告贴到余阳公司的教室与厕所。&ldquo;有的培训机构负责人，是&lsquo;几进几出&rsquo;。&rdquo;</p>\r\n\r\n<p>　　据余阳观察，这些人员前几年因组织替考、偷题等犯案，&ldquo;出来后将公司换个招牌，继续干老一套。&rdquo;</p>\r\n\r\n<p>　　<strong>监管难亟待破解</strong></p>\r\n\r\n<p>　　湖北警方介绍，2016年研究生入学考试泄题案涉及的培训机构，均已被依法取缔。相关人员已被移送司法机关处理。刘长久介绍，考试培训市场的混乱，原因之一是此前法律依据不够明晰。之前，司法机关对涉案人员一般采用泄露国家秘密罪，非法使用窃听、窃照专用器材罪等。取证、鉴定等存在一定难度，涉案人员抱着侥幸心理钻营逐利。</p>\r\n\r\n<p>　　2015年11月，刑法修正案（九）施行，在法律规定的国家考试中，将组织考试作弊，非法出售、提供试题、答案，代替考试等行为纳入刑法范畴。&ldquo;这为本案的顺利侦破，打击助考犯罪行为提供了强有力的法律保障。&rdquo;刘长久说。</p>\r\n\r\n<p>　　然而，非法助考培训机构依然屡禁不绝。在余阳看来，考试培训机构鱼龙混杂，折射出主管部门责任不清、监管不力。</p>\r\n\r\n<p>　　余阳介绍，有的培训机构既在教育部门注册，也在工商部门注册；有的仅在工商部门注册；还有的根本不注册，分散隐蔽在居民区。&ldquo;管理分工不够精细，工商部门对助考培训不一定了解，教育部门则根本管不过来&rdquo;。</p>\r\n\r\n<p>　　一个典型的案例就是：2012年研究生入学考试中，涉嫌泄题的一家全国知名教育培训机构相关负责人被处理。但随后，该机构生意并没停止，泄题事件反而成其招生&ldquo;招牌&rdquo;。</p>\r\n\r\n<p>　　在2016年研究生入学考试泄题案曝光后，21世纪教育研究院副院长熊丙奇曾撰文指出，引入培训机构黑名单制度，一旦查出培训机构卷入泄题等作弊案，要处以高额罚金，并吊销培训资质。</p>\r\n\r\n<p>　　本报武汉6月8日电</p>\r\n', '1', '0', '4', '', '', '', 'admin', '2016-06-09 08:54:38', null, null), ('79716ce6-7cc1-4b8f-8fd9-d1de48a7643b', '中国5岁男童较40年前长高8厘米 体重增长3.7公斤', '#000000', '5fc58891-883f-462c-b29e-1ce1a115f487', '<p>昨天，国家卫生计生委公布中国第五次儿童体格发育调查结果，妇幼司司长秦耕表示，接受调查的学生中有超过八成尝试吸烟的行为发生在13岁以前。他表示，中国中学生、儿童的吸烟和二手烟暴露的情况比较严重。</p>\r\n\r\n<p><strong>儿童吸烟问题严重</strong></p>\r\n\r\n<p>秦耕表示，2014年一项针对我国初一至初三在校学生的《中国青少年烟草调查》结果显示，我国初中学生现在烟草使用率为6.9%，其中男生是11.2%，女生是2.2%，并且有11.9%的初中学生曾经尝试过烟草制品，其中82.3%的学生尝试吸烟的行为是发生在13岁之前。</p>\r\n\r\n<p>秦耕介绍，过去七天内，72.9%的学生在家、室内、室外公共场所以及交通场所暴露于二手烟。他表示，现在中学生、儿童的吸烟和二手烟暴露的情况比较严重，有部分省份的初中女生现在吸烟率高于我国15岁以上女性的吸烟率。</p>\r\n\r\n<p>秦耕表态，中国今后应该进一步加大控烟工作的力度，来保护儿童的健康。履行世界卫生组织《烟草控制框架公约》，加快国内控烟立法进程，同时加大健康教育和健康促进的力度，使以前吸烟的人早戒烟、不吸烟，不吸烟的人远离烟草、远离危害。</p>\r\n\r\n<p><strong>较40年前明显长高</strong></p>\r\n\r\n<p>2015年，国家卫生计生委委托首都儿科研究所如期开展了第五次儿童体格发育调查，调查采用分层随机整群抽样方法，分22个月（年）龄组，共调查九市7岁以下健康儿童161774人，其中城区83628人，郊区农村78146人，男女各半。</p>\r\n\r\n<p>调查结果显示，40年来我国儿童体格发育水平显著提高。除出生组和1月组外，其他各年龄组均有明显增长。以5至5.5岁年龄组为例，男童和女童体重较40年前分别增长了3.70公斤和3.28公斤，身高分别增长了8.0厘米和8.2厘米。</p>\r\n\r\n<p>调查结果同时显示，九市7岁以下儿童的体格发育水平较10年前有不同程度的提高。以5～5.5岁年龄组为例，2015年男童体重、身高分别为20.17公斤、113.6厘米，较10年前分别增长0.99公斤、1.7厘米；女童体重、身高分别为19.29公斤、112.5厘米，较10年前分别增长0.89公斤和1.8厘米。从体重、身高的增长情况看，城区3岁以前儿童变化不大，3岁后有不同程度增长，并且随年龄增长增幅逐渐增大，体重增长范围为0.05～1.18 公斤，身高增长范围为0.5～1.8厘米。</p>\r\n\r\n<p><strong>城乡儿童差距缩小</strong></p>\r\n\r\n<p>调查还显示，40年间我国儿童体格发育状况变化显著，九市7岁以下儿童体格发育水平显著提高，城乡儿童身高体重差别逐渐缩小。2015年我国九市城乡7岁以下各年龄组儿童体格发育平均水平均已明显超过了世界卫生组织颁布的儿童生长标准。</p>\r\n\r\n<p>与此同时，我国儿童营养和健康也面临一些困难和挑战，如贫困地区农村儿童的体格发育水平仍明显低于城市儿童，流动和留守儿童等弱势儿童群体的营养健康状况亟待改善，超重和肥胖问题日益凸显。</p>\r\n', '1', '0', '2', '', '', '', 'admin', '2016-06-09 08:54:23', null, null), ('7f056917-39a3-4f4d-a4cc-72a65b098162', '史上最严奶粉配方新政出台 适用范围含进口奶粉', '#000000', '5fc58891-883f-462c-b29e-1ce1a115f487', '<p>中新网北京6月9日电 （邱宇） 8日，国家食品药品监督管理总局发布了被称为&ldquo;史上最严&rdquo;的《婴幼儿配方乳粉产品配方注册管理办法》（以下简称&ldquo;办法&rdquo;），自2016年10月1日起施行，适用范围扩大至进口乳粉，并严格限制配方数量。专家认为，此举能提升行业规范，抑制奶粉价格非理性提升。</p>\r\n\r\n<p><strong>亮点一：从备案制改为注册制</strong></p>\r\n\r\n<p><strong>&mdash;&mdash;提升行业规范，抑制奶粉价格非理性上涨</strong></p>\r\n\r\n<p>《办法》规定，国家食药监总局负责婴幼儿配方乳粉产品配方注册管理工作，申请者应提供证明产品配方科学性、安全性的研发与论证报告和充足依据。</p>\r\n\r\n<p>新行的注册制与此前的备案制有何不同？广东省奶业协会顾问王丁棉在接受中新网（微信公众号：cns2012）记者采访时指出，备案只是报备，不需要经过审批，主要依靠企业自律；而注册更为严格，是另一种形式的资格认证，实行注册制无疑提高了准入门槛。</p>\r\n\r\n<p>事实上，去年10月实施的《食品安全法》也提到了对婴幼儿配方乳粉的注册规定，还把婴幼儿配方食品与保健食品、特殊医学用途配方食品一起列为&ldquo;特殊食品&rdquo;，要求实行严格监督管理。</p>\r\n\r\n<p>注册制的推出对奶粉价格有何影响呢？长江证券分析师刘颜在其研究报告中指出，很多企业以前会在原来配方的基础上进行微调以实现涨价，造成我国婴幼儿奶粉市场价格混乱。严格配方注册管理可以有效提升行业规范度，对价格的非理性提升起到一定的抑制作用。</p>\r\n\r\n<p><strong>亮点二：适用范围扩大至进口奶粉</strong></p>\r\n\r\n<p><strong>&mdash;&mdash;专家：一碗水端平，体现公平原则</strong></p>\r\n\r\n<p>记者注意到，在正式出台的《办法》中，明确规定注册制的适用范围是&ldquo;境内生产销售和进口的婴幼儿配方乳粉产品&rdquo;。</p>\r\n\r\n<p>这与2015年9月发布的《办法》（征求意见稿）有所不同。当时，征求意见稿并没有将境外的乳粉生产企业纳入这一范围，也因此被一些国产乳粉生产企业抱怨&ldquo;双重标准&rdquo;。</p>\r\n\r\n<p>近年来，我国进口奶粉数量持续增加。据长江证券发布的报告指出，2008年进口婴幼儿奶粉数量约为4.2万吨，2015年达到17.6万吨。目前，国外品牌在我国婴幼儿奶粉市场占比高达50%。</p>\r\n\r\n<p>&ldquo;针对同一个市场和消费群体，如果采取两种标准，不对外国企业进行制约，那么将不利于国内企业的发展&rdquo;，王丁棉说，正式出台的《办法》在这方面&ldquo;一碗水端平&rdquo;，体现了公平的原则。</p>\r\n\r\n<p><strong>　亮点三：承诺给企业过渡期</strong></p>\r\n\r\n<p><strong>&mdash;&mdash;将发布操作性文件做出具体规定</strong></p>\r\n\r\n<p>国家食药监总局表示，《办法》自2016年10月1日起施行。</p>\r\n\r\n<p>在《办法》实施之前，乳粉企业生产的未注册产品该如何处理呢？食药监总局食品安全监管一司司长张靖在8日的发布会上表示，在过渡期内，政府还会发布操作性的文件并对此做出规定。如果企业超过过渡期还没有注册，将不只面临简单的召回问题。</p>\r\n\r\n<p>王丁棉认为，许多乳粉企业已经生产出半成品，准备好了包装、材料等，如果给出的过渡期偏短，则不排除企业因为措手不及而遭受损失的可能。</p>\r\n\r\n<p><strong>亮点四：规范标签标识</strong></p>\r\n\r\n<p><strong>&mdash;&mdash;&ldquo;进口奶源、益智&rdquo;等信息被禁用</strong></p>\r\n\r\n<p>不少消费者反映在挑选婴幼儿配方乳粉时会因为各种标识眼花缭乱。张靖说，目前婴幼儿配方乳粉在标签上存在的最突出问题是配方与声明不一致，这样会误导消费者。</p>\r\n\r\n<p>《办法》要求申请人申请注册时一并提交标签和说明书样稿及标签、说明书中声称的说明、证明材料，并对标签和说明书表述要求作出细致规定。</p>\r\n\r\n<p>如，对产品中声称生乳、原料乳粉等原料来源的，要求如实标明具体来源地或者来源国，不允许使用&ldquo;进口奶源&rdquo;&ldquo;源自国外牧场&rdquo;&ldquo;生态牧场&rdquo;&ldquo;进口原料&rdquo;等模糊信息；不允许在标签和说明书中明示或者暗示&ldquo;益智、增加抵抗力或者免疫力、保护肠道&rdquo;等；不允许以&ldquo;不添加&rdquo;&ldquo;不含有&rdquo;&ldquo;零添加&rdquo;等字样，强调未使用或不含有按照食品安全标准不应当在产品配方中含有或使用的物质；不允许标注虚假、夸大、违反科学原则或者绝对化的内容；不允许标注与产品配方注册的内容不一致的声称等。</p>\r\n\r\n<p>张靖指出，这些规定实际上是世界卫生组织的基本准则，我国作为成员国、履约单位，也应该很自觉地执行相关规定。</p>\r\n\r\n<p><strong>亮点五：每个企业不得超过3个系列9种配方</strong></p>\r\n\r\n<p><strong>&mdash;&mdash;防止企业一个配方包装成多个品牌来谋取不当利益</strong></p>\r\n\r\n<p>据张靖介绍，婴幼儿配方乳粉按三段生产，0-6月龄为婴儿，6-12月龄为较大婴儿，12-36月龄为幼儿，这是&ldquo;3个系列&rdquo;的直接来源。</p>\r\n\r\n<p>为何是9种配方呢？张靖解释说，&ldquo;对企业而言，自己在产的是一个，研发的又是一个，另外还有一个研发就是一种创新。每个系列有3个配方，加起来就是9个。&rdquo;</p>\r\n\r\n<p>食药监总局副局长滕佳材在8日的发布会上指出，国内许多企业采取&ldquo;一张配方打天下&rdquo;的策略，即把几款相同配方的产品包装成不同品牌，通过不同渠道销售，谋取不当利益。</p>\r\n\r\n<p>长江证券研究报告指出，国内婴幼儿乳粉企业旗下通常有很多配方，有的甚至有几十个产品系列，然而实际上每个产品系列配方差异并不大，新规的实施将促使企业砍掉销量较小、业绩不佳的小品牌，这有利于乳粉行业集中度的提升。</p>\r\n\r\n<p>乳粉行业集中度的提升是否意味着很多中小型企业将被淘汰，国内乳业会面临&ldquo;大洗牌&rdquo;呢？对此，滕佳材强调，目前我国103家婴幼儿配方乳粉生产企业基本上处于比较稳定的状态，都有相对固定的销售渠道和销售区域。除非产品质量发生严重的状况，否则不会出现&ldquo;大洗牌&rdquo;的情况。</p>\r\n\r\n<p><strong>亮点六：明确监管要求与申请人法律责任</strong></p>\r\n\r\n<p><strong>&mdash;&mdash;违反规定者最高处3万元罚款</strong></p>\r\n\r\n<p>《办法》按照 &ldquo;四个最严&rdquo;的要求，细化不予延期注册、撤销注册、注销注册等多种情形和相关罚则，对违反规定者最高处3万元罚款。</p>\r\n\r\n<p>王丁棉认为，出台《办法》之后，关键在于落实，执法部门应做到&ldquo;零距离监管&rdquo;，对申请者的材料严格把关，并进行实地抽检。</p>\r\n\r\n<p>滕佳材指出，2015年，国家食药监总局共抽检国产婴幼儿配方乳粉3397批次，检出不符合食品安全国家标准的样品36批次，占样品总数的1.1%。</p>\r\n\r\n<p>他说，2016年，食药监总局决定&ldquo;以预防为原则&rdquo;全面推进体系检查范围，即在3年内实现婴幼儿配方乳粉生产企业体系检查全覆盖。截至目前，已完成对37家婴幼儿配方乳粉生产企业的体系检查，针对检查发现的问题，各相关省局要求共计29家企业停产整改。凡是查出问题的，都要求企业先停产，起码对产品的生产线先停产、整改、查找原因，经过复核之后才能恢复生产。</p>\r\n', '1', '0', '9604', '', '', '', 'admin', '2016-06-09 08:54:56', null, null), ('85ea4b2e-5ebd-4ff0-a6fd-fd73a7ef78b4', '身份证异地受理7月启动 身份号码重号人数减至10人', '#000000', '5fc58891-883f-462c-b29e-1ce1a115f487', '<p>北京青年报记者从公安部8日召开的深入推进户口登记管理清理整顿工作第四次电视电话会议上获悉，从7月1日开始，全国大中城市和有条件的县（市）将启动居民身份证异地受理工作。</p>\r\n\r\n<p>在此之前，公安部已部署天津与河南、江苏与安徽、浙江与江西、重庆与四川、湖北与湖南10省市开展居民身份证异地受理一对一试点。</p>\r\n\r\n<p>根据去年11月公安部印发的《关于建立居民身份证异地受理挂失申报和丢失招领制度的意见》，2016年7月，将在全国大中城市和有条件的县（市）推广异地受理。2017年7月，将在全国各地全面实施异地受理、挂失申报和丢失招领工作。</p>\r\n\r\n<p><strong>身份证异地受理</strong></p>\r\n\r\n<p><strong>是便民重要措施</strong></p>\r\n\r\n<p>公安部有关负责人介绍，自去年11月起，根据中央深改领导小组的部署要求，公安部部署开展居民身份证异地受理、挂失申报和丢失招领&ldquo;三项制度&rdquo;工作以来，10个试点地区深入开展一对一跨省异地受理试点，22个省份全面启动了居民身份证省内异地受理工作，目前已累计办证170万张。第一阶段的工作进展顺利、效果明显。</p>\r\n\r\n<p>7月1日开始，&ldquo;三项制度&rdquo;贯彻实施工作将进入第二阶段。各地公安机关要把居民身份证异地受理这项工作作为全面深化公安改革的一项重要内容，作为便民利民的一项重要措施。</p>\r\n\r\n<p><strong>异地受理不增加</strong></p>\r\n\r\n<p><strong>制发证周期</strong></p>\r\n\r\n<p>身份证异地受理不增加制发证周期和任何收费。依照居民身份证法规定，公安机关自公民提交申请之日起60日内发放居民身份证，有条件的地方可以根据实际情况缩短制发证周期。异地受理与户籍地受理一样，有效期满换领居民身份证的，证件工本费20元，损坏换领、丢失补领的，证件工本费40元。</p>\r\n\r\n<p>根据《意见》规定，以下两种情形需回户籍地申请办理，不予受理异地办理申请：一是因相貌特征发生较大变化且居民身份证未登记指纹信息难以确认身份的；二是有不良信用记录的，包括伪造、变造、买卖、冒领、骗领、冒用居民户口簿、身份证、护照、驾驶证和买卖、使用假证的人员，以及国家信用信息共享交换平台推送的不良信用记录人员。</p>\r\n\r\n<p><strong>对冒用他人身份证的行为</strong></p>\r\n\r\n<p><strong>要依法处理、录入黑名单</strong></p>\r\n\r\n<p>深入推进户口登记管理清理整顿工作第四次电视电话会议要求，各地公安机关要扎实推进居民身份证挂失申报和信息核查服务，依托全国居民身份证挂失申报系统，严格执行工作流程，主动采集、录入挂失申报信息。对于系统上线前先行受理的挂失申报信息，要认真梳理，尽快录入系统。对所有发现冒用他人身份证的违法行为都要依法处理，并录入不诚信人员黑名单。挂失申报信息通过全国居民身份证挂失申报系统统一汇集后，尽快同步给公安部部门间信息共享与服务平台和全国人口信息社会应用平台，为社会各用证部门和单位提供居民身份证挂失信息核查服务。</p>\r\n\r\n<p>会议要求，要采取灵活多样的方式，引导群众主动上交捡拾到的丢失、被盗居民身份证，并接受群众查询和咨询，通过多种渠道收集群众丢失、被盗的身份证，尽可能减少丢失、被盗证件流散社会，严防被不法分子冒用，同时按规定发还、销毁证件并做好登记。供图/IC</p>\r\n\r\n<p><strong>相关</strong></p>\r\n\r\n<p><strong>身份证重号人数7年由171万人减至10人</strong></p>\r\n\r\n<p>北青报记者了解到，户口清理整顿工作开展以来，全国公安机关共清理注销重复户口296万个，清理人口信息无相片人员1665.5万，公民身份证号码重号人数已由2009年的171万人减至10人，由历史原因形成的公民身份证号码重号和重复户口等问题基本解决；今年前5个月，全国公安机关共摸排无户口人员109万余人，为74.6万无户口人员办理了户口登记。</p>\r\n\r\n<p>公安部党委副书记、副部长黄明指出，深入推进户口登记管理专项清理整顿工作一抓3年，现在还有半年多时间，要集中力量狠抓完善机制和检查验收工作。各地公安机关要在现有工作的基础上，继续扎实抓好户口登记管理清理整顿各项工作措施的落实，深入解决问题，健全工作机制，确保如期保质实现全国户口和公民身份证号码准确性、唯一性、权威性目标。</p>\r\n\r\n<p>黄明强调，各级公安机关要充分发挥职能作用，与有关部门密切配合，切实把解决无户口人员落户问题这件顺民意、惠民生的好事办好。未出台落实《国务院办公厅关于解决无户口人员登记户口问题的意见》具体实施办法的地方，要抓紧制定具体办法，进一步细化工作措施。要集中开展无户口人员摸底调查，彻底摸清本地区无户口人员数量、分布及产生原因等基本情况。要及时办理落户，不允许为公民登记户口设置障碍，不允许人为造成新的无户口人员问题。</p>\r\n\r\n<p>黄明要求，各级公安机关对查办户口案件一刻也不能放松，必须始终保持严打高压态势，主动发现线索，通过多种方式开展侦查，坚持找着打、追着打，发现一起、查处一起，向全社会表明查处打击买卖户口违法犯罪的坚定决心。要发动群众举报，对举报有功人员要视情予以奖励，同时要严格为举报人保密；对因隐瞒不报被清理或举报发现的，坚决依法依规追究相关人员责任。同时，要进一步健全完善人像比对技术应用机制、常态化技术监管机制、纠错机制，努力从制度上堵塞漏洞、消除隐患。要进一步转变工作作风，向社会公布群众关心的事项，让民警自觉在&ldquo;玻璃房&rdquo;里&ldquo;阳光作业&rdquo;，自觉接受社会监督。本组文/本报记者赵婧姝</p>\r\n\r\n<p><strong>流程</strong></p>\r\n\r\n<p><strong>如何异地办理身份证？</strong></p>\r\n\r\n<p>居民身份证异地受理的流程是&ldquo;居住地受理&mdash;户籍地签发&mdash;居住地制作和发放证件&rdquo;。离开户籍地的群众异地申请换领、补领居民身份证，有以下步骤：</p>\r\n\r\n<p>第一步，本人到居住地公安机关居民身份证异地受理点申请，填写《居民身份证异地受理登记表》，缴纳证件工本费。其中，申请换领的交验居民身份证，申请补领的交验居民户口簿或居住证。</p>\r\n\r\n<p>第二步，异地受理点受理居民身份证换领、补领申请后，及时将受理信息传送至申请人户籍地公安机关，户籍地县级公安机关及时审核签发。</p>\r\n\r\n<p>第三步，居住地公安机关接到经审核签发的制证信息后，在法定时限内完成制作与核验发放，申请人凭领证回执到受理点领取证件。换领证件的，领取新证时应当交回原证。</p>\r\n', '1', '0', '12', '', '', '', 'admin', '2016-06-09 08:54:07', null, null), ('acf3d5f1-197f-4520-9c89-d1460edea4b3', '考试须知考试须知考试须知考试须知考试须', '#000000', 'ec18ebd1-75f5-4a74-8be6-eba3efece1a4', '<p>考试须知考试须知考试须知考试须知考试须知考试须知考试须知考试须知考试须知考试须知考试须知考试须知考试须知考试须知考试须知考试须知考试须知考试须知考试须知考试须知考试须知考试须知考试须知考试须知考试须知考试须知考试须知考试须知考试须知考试须知考试须知考试须知考试须知考试须知考试须知考试须知考试须知考试须知考试须知考试须知考试须知考试须知考试须知考试须知考试须知考试须知考试须知考试须知考试须知考试须知考试须知考试须知考试须知考试须知考试须知考试须知考试须知考试须知考试须知考试须知考试须知考试须知考试须知考试须知考试须知考试须知考试须知考试须知考试须知考试须知考试须知考试须知考试须知考试须知考试须知考试须知</p>\r\n\r\n<p>考试须知考试须知考试须知考试须知考试须知考试须知考试须知考试须知考试须知考试须知考试须知考试须知考试须知考试须知考试须知考试须知考试须知考试须知考试须知考试须知考试须知考试须知考试须知考试须知考试须知考试须知考试须知考试须知考试须知考试须知考试须知考试须知考试须知考试须知考试须知考试须知考试须知考试须知考试须知考试须知考试须知考试须知考试须知考试须知考试须知考试须知考试须知考试须知考试须知考试须知考试须知考试须知考试须知考试须知考试须知考试须知考试须知考试须知考试须知考试须知考试须知考试须知考试须知考试须知考试须知考试须知考试须知考试须知考试须知考试须知考试须知考试须知考试须知考试须知考试须知考试须知</p>\r\n\r\n<p>考试须知考试须知考试须知考试须知考试须知考试须知考试须知考试须知考试须知考试须知考试须知考试须知考试须知考试须知考试须知考试须知考试须知考试须知考试须知考试须知考试须知考试须知考试须知考试须知考试须知考试须知考试须知考试须知考试须知考试须知考试须知考试须知考试须知考试须知考试须知考试须知考试须知考试须知考试须知考试须知考试须知考试须知考试须知考试须知考试须知考试须知考试须知考试须知考试须知考试须知考试须知考试须知考试须知考试须知考试须知考试须知考试须知考试须知考试须知考试须知考试须知考试须知考试须知考试须知考试须知考试须知考试须知考试须知考试须知考试须知考试须知考试须知考试须知考试须知考试须知考试须知考试须知考试须知考试须知考试须知考试须知考试须知考试须知考试须知考试须知考试须知考试须知考试须知考试须知考试须知考试须知考试须知考试须知考试须知考试须知考试须知考试须知考试须知考试须知考试须知考试须知考试须知考试须知考试须知考试须知考试须知考试须知考试须知考试须知考试须知考试须知考试须知考试须知考试须知考试须知考试须知考试须知考试须知考试须知考试须知考试须知考试须知考试须知考试须知考试须知考试须知考试须知考试须知考试须知考试须知考试须知考试须知考试须知考试须知考试须知考试须知考试须知考试须知考试须知考试须知考试须知考试须知考试须知考试须知考试须知考试须知考试须知考试须知考试须知考试须知考试须知考试须知</p>\r\n\r\n<p>考试须知考试须知考试须知考试须知考试须知考试须知考试须知考试须知考试须知考试须知考试须知考试须知考试须知考试须知考试须知考试须知考试须知考试须知考试须知考试须知考试须知考试须知考试须知考试须知考试须知考试须知考试须知考试须知考试须知考试须知考试须知考试须知考试须知考试须知考试须知考试须知考试须知考试须知考试须知考试须知考试须知考试须知考试须知考试须知考试须知考试须知考试须知考试须知考试须知考试须知考试须知考试须知考试须知考试须知考试须知考试须知考试须知考试须知考试须知考试须知考试须知考试须知考试须知考试须知考试须知考试须知考试须知考试须知考试须知考试须知考试须知考试须知考试须知考试须知考试须知考试须知</p>\r\n\r\n<p>&nbsp;</p>\r\n', '1', '0', '7', '', '', '', 'admin', '2016-06-09 23:53:56', null, null), ('d76c2751-6447-4b80-a46f-75b40d97c621', '李克强主持召开国务院常务会议', '#000000', '5fc58891-883f-462c-b29e-1ce1a115f487', '<p>　　央视网消息（新闻联播）：国务院总理李克强6月8日主持召开国务院常务会议，部署实施健康扶贫工程，提升农村贫困人口医疗保障和健康水平；确定发展和规范健康医疗大数据应用的措施，通过互联网+医疗更好满足群众需求；决定建设福厦泉与合芜蚌两个国家自主创新示范区，引领带动体制创新和科技创新。</p>\r\n\r\n<p>　　会议指出，实施健康扶贫工程，补上贫困地区医疗服务&ldquo;短板&rdquo;，解决农村贫困人口因病致贫和返贫问题，对打赢脱贫攻坚战，意义重大。为此，一要减轻农村贫困人口医疗负担，对参加新农合的个人缴费部分给予财政补贴，提高政策范围内住院费用报销比例，加大对大病保险的支持力度。将农村贫困人口全部纳入重特大疾病医疗救助范围。将符合条件的残疾人医疗康复项目纳入基本医保支付范围。二要对患大病和慢性病的农村贫困人口进行分类救治。今年起选择负担较重、能一次性治愈的大病开展集中救治。三要实行农村贫困人口在县域内定点医疗机构住院先诊疗后付费，实现各类医保、救助&ldquo;一站式&rdquo;即时结算。四要确保每个连片特困地区县和国家扶贫开发工作重点县至少有1所县级公立医院、每个乡镇有1所标准化乡镇卫生院、每个行政村有1个卫生室。五要深化贫困地区公立医院改革，先行探索制定绩效工资总量核定办法，调动医务人员积极性。</p>\r\n\r\n<p>　　会议认为，发展和应用好健康医疗大数据，有利于提高健康医疗服务效率和质量，增加有效供给、满足群众需求，促进培育新业态、形成新的经济增长点。会议确定，一是优先整合利用现有资源，建设互联互通的国家、省、市、县四级人口健康信息平台，实现部门、区域、行业间数据开放融合、共建共享。二是集成医学大数据资源，重点推进网上预约分诊、检查检验结果共享互认、医保联网异地结算等便民惠民应用，发展远程医疗和智能化健康医疗设备。三是制定完善法律法规和标准，严格健康医疗大数据应用准入，建设实名认证等控制系统，保护个人隐私和信息安全。</p>\r\n\r\n<p>&nbsp;</p>\r\n\r\n<p>　　会议指出，中关村、武汉东湖、上海张江等国家自主创新示范区设立以来，有效发挥了改革创新&ldquo;试验田&rdquo;作用，对区域发展产生了重要的引领示范和辐射带动效应。按照&ldquo;成熟一个批准一个&rdquo;的原则，会议决定，在福厦泉和合芜蚌国家高新区分别建设国家自主创新示范区。</p>\r\n', '1', '0', '2', '', '', '', 'admin', '2016-06-09 08:53:47', null, null), ('daf8e583-ee6c-42b2-ab63-66c86c288489', '习近平提出培育中美两国共同“朋友圈”', '#000000', '5fc58891-883f-462c-b29e-1ce1a115f487', '<p>　　&ldquo;海内存知己，天涯若比邻。&rdquo;朋友多了路好走，共同的朋友多了情易洽、事易成。中美两国如果共同的朋友越来越多，那么，中美两国的共同利益必将越来越多，互相了解必将越来越深，矛盾必将越来越少，为两国和世界的贡献必将越来越大。所以，培育和巩固中美两国共同&ldquo;朋友圈&rdquo;意义重大。6月6日，习近平在第八轮中美战略与经济对话和第七轮中美人文交流高层磋商联合开幕式上指出：&ldquo;中美在亚太地区拥有广泛共同利益，应该保持经常性对话，开展更多合作，应对各种挑战，努力培育两国共同而非排他的&lsquo;朋友圈&rsquo;，都做地区繁荣稳定的建设者和守护者。&rdquo;请随&ldquo;学习<a href=\"http://country.huanqiu.com/china\" target=\"_blank\" title=\"中国\">中国</a>&rdquo;小编一起学习。</p>\r\n\r\n<p><strong>　　一、借助广泛的共同利益发展&ldquo;朋友圈&rdquo;</strong></p>\r\n\r\n<p>　　&ldquo;同声相应，同气相求。&rdquo;共同的利益是培育和发展两国共同&ldquo;朋友圈&rdquo;的基石。中美两国在亚太地区有着重要的共同利益，中美亚太共同&ldquo;朋友圈&rdquo;为两方及朋友都带来了较大的利益。</p>\r\n\r\n<p>　　在经济方面，双方都收获了经济利益并使亚太国家积累了财富，促进了亚太地区的共同发展。自20世纪90年代中期开始，中国已成为东亚地区经济发展的引擎。进入21世纪，中国逐渐成为了东亚地区的经济中心。中国同周边国家的贸易额达到 1.3 万亿美元，超过了中国同<a href=\"http://country.huanqiu.com/eu\" target=\"_blank\" title=\"欧盟\">欧盟</a>、<a href=\"http://country.huanqiu.com/america\" target=\"_blank\" title=\"美国\">美国</a>贸易额之和。中国的对外投资大多流向周边国家。即便是近年来因南海问题与我国摩擦不断的<a href=\"http://country.huanqiu.com/philippines\" target=\"_blank\" title=\"菲律宾\">菲律宾</a>，2014 年上半年吸引到来自中国的投资 96.2 亿比索(约合 13 亿元人民币)，已从前两年的下滑中恢复过来。美国奥巴马政府提出的&ldquo;出口倍增计划&rdquo;重点实施对象就是亚太地区，目前正在进行的 TPP 谈判的成员国中也有多个位于亚太地区。在安全方面，双方都希望维护地区和平与稳定，在打击恐怖主义、防止大规模杀伤性武器扩散、确保海上航行自由等方面都存在较大的一致利益。在政治方面，两国都支持本地区国家间改善关系、建立信任、加强合作，支持构建和完善开放、包容、共赢的地区合作框架。亚太是中美交集最多、互动最频的地区，也是中美构建新型大国关系的&ldquo;试验田&rdquo;。习近平指出：&ldquo;中美都是亚太重要国家，亚太是中美利益交织最密集、互动最频繁的地区。中美两国都希望亚太地区保持和平稳定，这符合两国和地区国家共同利益。亚太应该成为中美加强协调和配合的合作社，而不应该成为中美互相角力的角斗场。&rdquo;</p>\r\n\r\n<p>&nbsp;</p>\r\n\r\n<p>　　中美两国的相互依存为双方分别带来了巨大的利益，同时也稳定了中美的共同&ldquo;朋友圈&rdquo;。根据中方统计，2015年，中美贸易额达5583.9亿美元，同比增长0.6%。美国是中国的第二大贸易伙伴，第一大出口市场和第四大进口来源地。根据美方统计，2015年1－11月，中美双边货物贸易额5691.7亿美元，同比上升2.4%，占美货物贸易总额的16.2%，占比较去年同期上升1.2个百分点。中国已超过<a href=\"http://country.huanqiu.com/canada\" target=\"_blank\" title=\"加拿大\">加拿大</a>成为美国最大的贸易伙伴。中美两国双边贸易投资规模不断扩大。与此同时，中美双向投资保持增长。截至2015年底，美对华投资项目累计达6.6万个，实际投入774.7亿美元。美国是中国第六大外资来源地。中国在美国的投资保持良好增势。据初步统计，截至2015年底，美对华投资项目累计达6.6万个，实际投入774.7亿美元。美国已是中国对外直接投资的第四大目的地。习近平指出：&ldquo;中美合作不仅造福中美两国人民，而且促进了亚太地区和世界和平、稳定、繁荣。&rdquo;</p>\r\n\r\n<p><strong>　　二、保持经常性对话融通&ldquo;朋友圈&rdquo;</strong></p>\r\n\r\n<p>　　&ldquo;天下快意之事莫若友，快友之事莫若谈。&rdquo;对话是朋友间融洽感情的重要方式，哪怕是一场争论很可能也是拉近朋友之间距离的捷径，中美和中美共同的朋友之间都需要通过对话起到增加互信、减少疑虑、避免误判、管控分歧的作用。当前中美关系&ldquo;两面性&rdquo;突出，正反两方面因素都在增加。一方面，作为中美关系的主流，双方相互依存性不断加强，卓有成效的合作不断增加并深化，为全球经济振兴做出了重要贡献。但另一方面，一些本不属于两国关系范畴内的问题却对双边关系产生较大干扰。面对这些干扰，中美两国如何判断彼此战略意图，将直接影响双方采取什么样的政策、发展什么样的关系。不能在这个根本问题上犯错误，否则就会一错皆错。只有保持经常性对话，才能避免战略误判。习近平指出：&ldquo;我们要防止浮云遮眼，避免战略误判，就要通过经常性沟通，积累战略互信。这个问题解决好了，中美合作基础就会更加坚实，动力就会更加强劲。&rdquo;</p>\r\n\r\n<p>　　中美已经建立的广泛的对话和磋商机制为经常性对话提供了机制性平台。利用好中美各种对话和磋商机制，准确而直接地传递双方的战略意图十分重要也非常必要。习近平指出：&ldquo;两国领导人应通过互访、会晤、通话、通信等形式保持密切接触，就事关中美关系的重大、紧迫问题及时深入沟通，协调立场、扩大共识、指明方向。用好两国间各种对话和磋商机制，为两国合作伙伴关系建设不断注入新的动力。&rdquo;习近平强调：&ldquo;中美关系虽然历经风风雨雨，但总体是向前的，得到了历史性发展。两国建立了90多个政府间对话机制。&rdquo;这些对话和磋商机制，涉及政治、军事、安全、经贸、金融、环境、能源、科技、文化等几乎所有重要领域。</p>\r\n\r\n<p>　　亚太地区一系列多边组织与机制也为中美两国就地区问题进行经常性对话提供了平台，因为中美两国都是亚太地区重要多边国际组织与机制的成员国。在太平洋经济合作理事会、<a href=\"http://country.huanqiu.com/asia_pacific_economic_cooperation\" target=\"_blank\" title=\"亚太经合组织\">亚太经合组织</a>、<a href=\"http://country.huanqiu.com/association_of_southeast_asian_nations\" target=\"_blank\" title=\"东盟\">东盟</a>地区论坛、亚太安全合作理事会、东亚峰会等亚太地区多边区域经济和安全合作机制中，中美两国都进行了不同程度的合作并发挥了积极作用。习近平指出：&ldquo;中美应该继续就亚太事务加强对话和协调，尊重和照顾彼此在本地区的利益和关切，携手为亚洲安全作出贡献，这是相辅相成的，不是相互排斥的。&rdquo;</p>\r\n\r\n<p><strong>　　三、依托创新合作扩展&ldquo;朋友圈&rdquo;</strong></p>\r\n\r\n<p>　　&ldquo;人生结交在始终，莫为升沉路中分。&rdquo;亚太地区既是当今世界发展最快的地区，同时也是变数最多的地区。中美之间亚太地区的复杂性、多样性决定了无论是中国还是美国都无法单方面主宰该地区的事务，但中美之间是合作还是相争却在一定程度上决定了亚太重大事项的两种不同结果。中美两个都需要创新理念、创新方法，避免冲突，在创新合作中不断扩展双方共同的朋友圈。习近平指出：&ldquo;宽广的太平洋不应该成为各国博弈的竞技场，而应该成为大家包容合作的大平台。&rdquo;诚如基辛格所说，美国和中国应该成为&ldquo;共同事业的组成部分&rdquo;，这个共同事业就是构建一个符合双方利益的&ldquo;<a href=\"http://country.huanqiu.com/pacific_community\" target=\"_blank\" title=\"太平洋共同体\">太平洋共同体</a>&rdquo;。中美两国应该深化战略合作，寻求利益汇合点，通过更多的合作形成更多的共同规制。</p>\r\n\r\n<p>　　中美两国都要以事实为依据，以开放和发展的眼光，看待中美在亚太的地区角色。谁也不能回避，中美在亚太地区各自面临的战略局面分别是：中国不可能、也不想将美国挤出亚太，做不到、也不想将亚洲变为中国的亚洲;美国在亚洲无论怎样已无法阻挡中国崛起的步伐，美国应该同其伙伴一道，适应中国发展和在亚太应有的重要地位。中美两国都应正视中美作为两个世界级大国并立于亚太的现实。习近平指出：&ldquo;宽广的太平洋两岸有足够空间容纳中美两个大国。&rdquo;</p>\r\n\r\n<p>　　中美合作的空间还很大，关键在于要有创新思维，挖掘合作潜力，培育新的合作亮点。习近平指出：&ldquo;新形势下，中美应该合作、能够合作的领域更加宽广。机会需要创造，创新才有机会，正所谓&lsquo;聪者听于无声，明者见于未形&rsquo;。中美都是富有创造力的民族，在推进两国关系发展上，尤其需要顺应时代发展而创新。我们双方应该创新思维，不断挖掘合作潜力、培育合作亮点。&rdquo;从维护亚太经济增长和繁荣到共同帮助第三国可持续发展，从制止大规模杀伤性武器扩散到打击跨国犯罪，从稳定<a href=\"http://country.huanqiu.com/north_korea\" target=\"_blank\" title=\"朝鲜\">朝鲜</a>半岛局势到影响<a href=\"http://country.huanqiu.com/myanmar\" target=\"_blank\" title=\"缅甸\">缅甸</a>以中美均能接受的方式实现改革与和解，都是富有潜力的中美现实合作点。习近平指出：&ldquo;期待中美在亚太地区寻找更多契合点，不断增进战略互信，同地区国家一道，维护地区和平、稳定、繁荣。&rdquo;</p>\r\n\r\n<p><strong>　　四、在应对挑战中巩固&ldquo;朋友圈&rdquo;</strong></p>\r\n\r\n<p>　　&ldquo;人生交契无老少，论交何必先同调？&rdquo;虽然，中美之间因历史遗留问题、现实矛盾与潜在冲突并存，不稳定与不确定因素也在不断增加，致使中美之间面临诸多严峻挑战，但是，这并不影响中美两国发展与巩固共同的&ldquo;朋友圈&rdquo;，因为中美之间的共同利益更多、发展的空间更大，同时，在应对挑战中才能培养出真感情、考验真朋友。习近平指出：&ldquo;当前，亚太地区面临进一步发展的重要机遇，但也存在海洋权益、岛屿争议等问题。&rdquo;</p>\r\n\r\n<p>　　第一，应对意识形态差异。中美两国两个政体之间存在着截然不同的政治传统、价值体系和文化，这使美国对中国政府怀有疑虑。此外，美国媒体经常刊登关于贬损中国和中美关系的报道，中国的媒体也会发布少量关于美国的一些耸人听闻的负面故事或评论以吸引眼球。使得两国的少数人员和机构增加了彼此间的怀疑。习近平指出：&ldquo;文明多样性是人类社会的客观现实，是当代世界的基本特征。意识形态、社会制度、发展模式的差异，不应成为人类文明交流的障碍，更不能成为相互对抗的理由。我们应该积极维护文明多样性，推动不同文明对话交流，相互借鉴而不是相互排斥，让世界更加丰富多彩。&rdquo;&ldquo;万物并育而不相害，道并行而不相悖。&rdquo;中美在培育共同&ldquo;朋友圈&rdquo;的过程中，当然需要克服双方在战略文化、意识形态等方面差异引发的摩擦，但也要同时认识到不同的文化、传统及思维方式对于中美和平地进行战略博弈的重要意义。在双方实力不断接近的情况下，任何试图以自我标准改变对方利益取向或行事方式的尝试不仅将于事无补，还有使我们重蹈近代欧洲以及冷战全面对抗覆辙的可能。</p>\r\n\r\n<p>　　第二，应对&ldquo;中国威胁论&rdquo;。&ldquo;中国威胁论&rdquo;在美国由来已久。新中国成立之初，美国就曾炒作过一阵&ldquo;中国威胁论&rdquo;，其大背景是美苏冷战。而目前的&ldquo;中国威胁论&rdquo;始于冷战后，苏联的威胁消失，中国由于经济、政治、军事等综合实力的全面崛起， 越来越被美国警惕和攻击。中国在东亚地区的主导性和影响力日益增强，同几乎所有国家建立起不同类型的伙伴关系，其中一些伙伴关系升级为战略伙伴关系。中国也成为绝大多数周边国家的第一或第二大贸易伙伴。尽管我国不断强调不会寻求将美国排挤出亚洲，但是美国领导人仍然很担忧中国可能会试图控制该地区，并且这种控制是以牺牲美国在该地区的影响和利益为代价的。为此，习近平有力地驳斥了&ldquo;中国威胁论&rdquo;，他指出：&ldquo;面对中国发展，有些人认为发展起来的中国必然成为一种&lsquo;威胁&rsquo;，甚至把中国描绘成一个可怕的牛魔王。我想告诉大家的是，这种看法是不正确的。好在真理是客观存在的，并不会随着这样那样的说法而改变。&rdquo; 他向全世界各国呼吁：&ldquo;中国人民珍惜和平，希望同世界各国一道共谋和平、共护和平、共享和平。&rdquo;</p>\r\n\r\n<p>　　第三，应对复杂的地区热点问题。首先是朝核问题。中美对朝核问题的感受存在较大温差，朝核问题对中国影响近在咫尺，中方着力推动以&ldquo;六方会谈&rdquo;为主渠道的谈判解决模式。而美国看重对朝鲜施压所能产生的效果。美国在东北亚积极部署先进的战机、武器系统，维持其驻军，使朝鲜半岛及中国北方的安全面临很大压力。其次是南海和钓鱼岛问题，中方的态度十分明确，即中国的主权不容忽视，外部势力不应插手中国与有关国家双边的争议。而美国政府名义上声称在南海争议问题上不持立场，但官方层面持续加强同菲律宾、<a href=\"http://country.huanqiu.com/vietnam\" target=\"_blank\" title=\"越南\">越南</a>等声索国的关系并在多边场合对中国进行含沙射影的指责。针对地区热点问题处理，习近平提出了中国方案：&ldquo;当今世界仍不太平，国际热点此起彼伏，加强全球安全治理刻不容缓。<a href=\"http://country.huanqiu.com/iran\" target=\"_blank\" title=\"伊朗\">伊朗</a>核问题的解决为我们提供了不少启示。第一，对话谈判是解决热点问题的最佳选择。对话协商虽然费时费力，但成果牢靠。第二，大国协作是处理重大争端的有效渠道。国际社会是命运共同体。大国要像伊朗核问题六国那样成为解决问题的中流砥柱。第三，公平公正是达成国际协议的基本原则。各国的正当关切都应该得到妥善解决。国际争端要公正解决，搞双重标准行不通。第四，政治决断是推动谈判突破的关键因素。各方应当抓住主要矛盾。&rdquo;</p>\r\n\r\n<p>　　面对中美两国面临的各种挑战，习近平指出：&ldquo;中美两国各具特色，历史、文化、社会制度、民众诉求等不尽相同，双方存在一些分歧是难以避免的。世界是多样的，没有分歧就没有世界。一个家庭里还经常有这样那样的分歧。有了分歧并不可怕，关键是不要把分歧当成采取对抗态度的理由。有些分歧是可以通过努力解决的，双方应该加把劲，把它们解决掉。有些分歧可能一时解决不了，双方应该多从对方的具体处境着想，以务实和建设性的态度加以管控。只要双方遵循相互尊重、平等相待原则，坚持求同存异、聚同化异，就没有过不去的坎，中美两国关系就能避免受到大的干扰。&rdquo;</p>\r\n\r\n<p>　　&ldquo;行同趋同，千里相从。&rdquo;中美关系始于亚太，重在亚太，在亚太成为新的国际战略高地的宏大背景下，中美从亚太地区做起，培育共同而非排他的&ldquo;朋友圈&rdquo;，构建新型大国关系，为世界立典范。习近平指出：&ldquo;只要我们坚定方向、锲而不舍，就一定能推动中美新型大国关系建设得到更大发展，更好造福两国人民和各国人民。&rdquo;</p>\r\n', '1', '0', '8', '', '', '', 'admin', '2016-06-09 08:51:28', null, null);
COMMIT;

-- ----------------------------
--  Table structure for `tm_news_cateogry`
-- ----------------------------
DROP TABLE IF EXISTS `tm_news_cateogry`;
CREATE TABLE `tm_news_cateogry` (
  `c_id` varchar(50) NOT NULL,
  `c_name` varchar(50) DEFAULT NULL,
  `c_pid` varchar(50) DEFAULT NULL,
  `c_poster` varchar(50) DEFAULT NULL,
  `c_orderid` int(11) DEFAULT NULL,
  `c_remark` varchar(200) DEFAULT NULL,
  `c_createdate` datetime DEFAULT NULL,
  PRIMARY KEY (`c_id`)
) ENGINE=InnoDB DEFAULT CHARSET=utf8;

-- ----------------------------
--  Records of `tm_news_cateogry`
-- ----------------------------
BEGIN;
INSERT INTO `tm_news_cateogry` VALUES ('5fc58891-883f-462c-b29e-1ce1a115f487', '系统公告', '0', 'admin', '1', '', '2016-06-09 08:43:30'), ('ec18ebd1-75f5-4a74-8be6-eba3efece1a4', '考试须知', '0', 'admin', '1', '', '2016-06-09 09:16:14');
COMMIT;

-- ----------------------------
--  Table structure for `tm_paper`
-- ----------------------------
DROP TABLE IF EXISTS `tm_paper`;
CREATE TABLE `tm_paper` (
  `p_id` varchar(50) NOT NULL,
  `p_name` varchar(100) DEFAULT NULL,
  `p_cid` varchar(50) DEFAULT NULL,
  `p_status` int(2) DEFAULT NULL COMMENT '试卷状态，1正常可用，0不可???',
  `p_starttime` datetime DEFAULT NULL,
  `p_endtime` datetime DEFAULT NULL,
  `p_duration` int(5) DEFAULT NULL,
  `p_showtime` datetime DEFAULT NULL,
  `p_total_score` int(5) DEFAULT NULL,
  `p_pass_score` int(5) DEFAULT NULL,
  `p_question_order` int(1) DEFAULT NULL COMMENT '0正常，1随机',
  `p_papertype` int(1) DEFAULT NULL COMMENT '0普通试卷，1随机生成试卷',
  `p_remark` text,
  `p_data` longtext,
  `p_poster` varchar(50) DEFAULT NULL,
  `p_createdate` datetime DEFAULT NULL,
  `p_modifyor` varchar(50) DEFAULT NULL,
  `p_modifydate` datetime DEFAULT NULL,
  `p_showkey` int(2) DEFAULT '1',
  `p_showmode` int(2) DEFAULT '1',
  PRIMARY KEY (`p_id`)
) ENGINE=InnoDB DEFAULT CHARSET=utf8;

-- ----------------------------
--  Records of `tm_paper`
-- ----------------------------
BEGIN;
INSERT INTO `tm_paper` VALUES ('495a3765-577b-40bc-b054-7410320678e0', '测试试卷-普通-克隆', '6c716e58-3b35-4197-be32-20a21267a1d4', '1', '2016-07-14 22:06:00', '2017-07-01 22:06:00', '100', '2016-08-01 22:06:00', '100', '60', '1', '0', '认真答题，禁止作弊', '<com.tom.model.paper.Paper>\n  <id>495a3765-577b-40bc-b054-7410320678e0</id>\n  <name>测试试卷-普通-克隆</name>\n  <status>1</status>\n  <starttime>2016-07-14 22:06:00.0 CST</starttime>\n  <endtime>2017-07-01 22:06:00.0 CST</endtime>\n  <duration>100</duration>\n  <showtime>2016-08-01 22:06:00.0 CST</showtime>\n  <totalscore>100</totalscore>\n  <passscore>60</passscore>\n  <ordertype>1</ordertype>\n  <papertype>0</papertype>\n  <remark>认真答题，禁止作弊</remark>\n  <sections>\n    <com.tom.model.paper.PaperSection>\n      <name>单选题</name>\n      <remark>共5题，每题2分</remark>\n      <id>0</id>\n      <questions>\n        <com.tom.model.paper.Question>\n          <id>246297ee-d1a5-41d0-adaa-b14d517d97a9</id>\n          <type>1</type>\n          <content>遇到前方车辆停车排队或者缓慢行驶时，强行穿插，以下</content>\n          <score>2</score>\n        </com.tom.model.paper.Question>\n        <com.tom.model.paper.Question>\n          <id>3bab31fa-9676-49b7-b642-1b3098fc2819</id>\n          <type>1</type>\n          <content>湿滑路面制动过程中，发现车辆偏离方向，以下做法正确</content>\n          <score>2</score>\n        </com.tom.model.paper.Question>\n        <com.tom.model.paper.Question>\n          <id>422d18ce-2092-4f6c-a8e9-b0971421e65b</id>\n          <type>1</type>\n          <content>醉酒驾驶机动车在道路上行驶会受到什么处罚？</content>\n          <score>2</score>\n        </com.tom.model.paper.Question>\n        <com.tom.model.paper.Question>\n          <id>1e65e7a9-2005-4cdf-9419-d14d4327ab8a</id>\n          <type>1</type>\n          <content>车辆在较窄的山路上行驶时，如果靠山体的一方不让行，</content>\n          <score>2</score>\n        </com.tom.model.paper.Question>\n        <com.tom.model.paper.Question>\n          <id>d0aaf4be-f05a-498d-a83b-35dfe41bfa49</id>\n          <type>1</type>\n          <content>饮酒后或者醉酒驾驶机动车发生重大交通事故构成犯罪的</content>\n          <score>2</score>\n        </com.tom.model.paper.Question>\n      </questions>\n      <rnum>0</rnum>\n      <rtype>0</rtype>\n      <rlevel>0</rlevel>\n      <rscore>0</rscore>\n    </com.tom.model.paper.PaperSection>\n    <com.tom.model.paper.PaperSection>\n      <name>多选题</name>\n      <remark>共5题，每题2分</remark>\n      <id>1</id>\n      <questions>\n        <com.tom.model.paper.Question>\n          <id>ffd4e580-c453-4912-9767-38df2537f6ee</id>\n          <type>2</type>\n          <content>警车、消防车、救护车、工程救险车执行紧急任务时，可</content>\n          <score>2</score>\n        </com.tom.model.paper.Question>\n        <com.tom.model.paper.Question>\n          <id>aa55ff1e-e183-41aa-a830-b855d77382e2</id>\n          <type>2</type>\n          <content>驾驶非机动车，必须遵守哪些规定？</content>\n          <score>2</score>\n        </com.tom.model.paper.Question>\n        <com.tom.model.paper.Question>\n          <id>f5d68879-a9dd-438b-9389-cc1ec6c7fd6a</id>\n          <type>2</type>\n          <content>乘坐机动车应当遵守下列规定：</content>\n          <score>2</score>\n        </com.tom.model.paper.Question>\n        <com.tom.model.paper.Question>\n          <id>b26bccad-f138-4f67-bc32-85b4dc755579</id>\n          <type>2</type>\n          <content>在道路上驾驶自行车、电动自行车应当遵守下列规定：</content>\n          <score>2</score>\n        </com.tom.model.paper.Question>\n        <com.tom.model.paper.Question>\n          <id>d28161c9-29ef-4bf6-94f4-588d2b7dcc68</id>\n          <type>2</type>\n          <content>下列哪几项属于交通信号：</content>\n          <score>2</score>\n        </com.tom.model.paper.Question>\n      </questions>\n      <rnum>0</rnum>\n      <rtype>0</rtype>\n      <rlevel>0</rlevel>\n      <rscore>0</rscore>\n    </com.tom.model.paper.PaperSection>\n    <com.tom.model.paper.PaperSection>\n      <name>判断题</name>\n      <remark>共5题，每题2分</remark>\n      <id>2</id>\n      <questions>\n        <com.tom.model.paper.Question>\n          <id>2b94d57e-d5cb-408b-902d-9c5421c6fc4a</id>\n          <type>3</type>\n          <content>驾驶人要按照驾驶证载明的准驾车型驾驶车辆。</content>\n          <score>2</score>\n        </com.tom.model.paper.Question>\n        <com.tom.model.paper.Question>\n          <id>1affb9f8-d36b-4c3d-b04b-85ac4a81e0c7</id>\n          <type>3</type>\n          <content>驾驶人在道路上醉酒驾驶机动车的处3年以上有期徒刑。</content>\n          <score>2</score>\n        </com.tom.model.paper.Question>\n        <com.tom.model.paper.Question>\n          <id>6229f8fb-c7a8-4755-969f-8e604ac94be1</id>\n          <type>3</type>\n          <content>在划有道路中心线的道路上会车时，应做到保持安全车速</content>\n          <score>2</score>\n        </com.tom.model.paper.Question>\n        <com.tom.model.paper.Question>\n          <id>89deca48-97e2-4cf9-a9c7-fb7cf14076d8</id>\n          <type>3</type>\n          <content>初次申领的机动车驾驶证的有效期为6年。</content>\n          <score>2</score>\n        </com.tom.model.paper.Question>\n        <com.tom.model.paper.Question>\n          <id>4082d364-b446-44c3-b9a1-48bbfa8de91a</id>\n          <type>3</type>\n          <content>在没有交通信号指示的交叉路口，转弯的机动车让直行的</content>\n          <score>2</score>\n        </com.tom.model.paper.Question>\n      </questions>\n      <rnum>0</rnum>\n      <rtype>0</rtype>\n      <rlevel>0</rlevel>\n      <rscore>0</rscore>\n    </com.tom.model.paper.PaperSection>\n    <com.tom.model.paper.PaperSection>\n      <name>填空题</name>\n      <remark>共5题，每题2分</remark>\n      <id>3</id>\n      <questions>\n        <com.tom.model.paper.Question>\n          <id>48711712-59d6-4631-8840-e8f88709a4d5</id>\n          <type>4</type>\n          <content>在火场中，充满了各种各样的危险：烈焰、高温、烟雾、</content>\n          <score>2</score>\n        </com.tom.model.paper.Question>\n        <com.tom.model.paper.Question>\n          <id>3255646b-3e61-42ca-b362-6ec308e07d6e</id>\n          <type>4</type>\n          <content>我国交通事故报警求救电话号码是[BlankArea</content>\n          <score>2</score>\n        </com.tom.model.paper.Question>\n        <com.tom.model.paper.Question>\n          <id>c6f898ac-6ac9-441f-8179-0780b3c1db22</id>\n          <type>4</type>\n          <content>行人不得[BlankArea1]道路隔离栏</content>\n          <score>2</score>\n        </com.tom.model.paper.Question>\n        <com.tom.model.paper.Question>\n          <id>c595c912-17d1-4316-8d5c-3e51bdf7e933</id>\n          <type>4</type>\n          <content>行人在没有人行道的道路上行走，应当靠路的[Blan</content>\n          <score>2</score>\n        </com.tom.model.paper.Question>\n        <com.tom.model.paper.Question>\n          <id>363add9c-72d5-466d-a521-410f38cedd82</id>\n          <type>4</type>\n          <content>身上衣服着火时，立即采取的正确灭火方法是[Blan</content>\n          <score>2</score>\n        </com.tom.model.paper.Question>\n      </questions>\n      <rnum>0</rnum>\n      <rtype>0</rtype>\n      <rlevel>0</rlevel>\n      <rscore>0</rscore>\n    </com.tom.model.paper.PaperSection>\n    <com.tom.model.paper.PaperSection>\n      <name>问答题</name>\n      <remark>共3题，每题20分</remark>\n      <id>4</id>\n      <questions>\n        <com.tom.model.paper.Question>\n          <id>19fbe701-7c09-4443-89bb-87508d98fa80</id>\n          <type>5</type>\n          <content>简述机动车辆安全行车的的基本要求</content>\n          <score>20</score>\n        </com.tom.model.paper.Question>\n        <com.tom.model.paper.Question>\n          <id>e7e49e62-9efd-40db-9547-dc04ac25aad9</id>\n          <type>5</type>\n          <content>道路交通安全法规定哪些人和车辆不能进入高速公路？</content>\n          <score>20</score>\n        </com.tom.model.paper.Question>\n        <com.tom.model.paper.Question>\n          <id>e4f9a82d-1609-42ec-a659-73bcc9195c20</id>\n          <type>5</type>\n          <content>机动车发生交通事故造成人身伤亡、财产损失的，由保险</content>\n          <score>20</score>\n        </com.tom.model.paper.Question>\n      </questions>\n      <rnum>0</rnum>\n      <rtype>0</rtype>\n      <rlevel>0</rlevel>\n      <rscore>0</rscore>\n    </com.tom.model.paper.PaperSection>\n  </sections>\n  <departments class=\"java.util.Arrays$ArrayList\">\n    <a class=\"string-array\">\n      <string>827ea7bb-138d-425e-9fdf-13e97172b039</string>\n    </a>\n  </departments>\n  <showKey>true</showKey>\n  <showMode>1</showMode>\n</com.tom.model.paper.Paper>', 'admin', '2016-10-13 23:12:24', 'admin', '2016-10-28 23:28:10', '1', '1'), ('b86e090a-42dd-4f56-9fd2-d190f44594fb', '测试试卷-随机', '4909eb01-d045-4434-9656-06e128fbf19e', '1', '2016-07-14 22:30:00', '2017-07-01 22:30:00', '100', '2016-08-01 22:30:00', '100', '60', '0', '1', '认真答卷，禁止作弊', '<com.tom.model.paper.Paper>\n  <id>b86e090a-42dd-4f56-9fd2-d190f44594fb</id>\n  <name>测试试卷-随机</name>\n  <status>1</status>\n  <starttime>2016-07-14 22:30:00.0 CST</starttime>\n  <endtime>2017-07-01 22:30:00.0 CST</endtime>\n  <duration>100</duration>\n  <showtime>2016-08-01 22:30:00.0 CST</showtime>\n  <totalscore>100</totalscore>\n  <passscore>60</passscore>\n  <ordertype>0</ordertype>\n  <papertype>1</papertype>\n  <remark>认真答卷，禁止作弊</remark>\n  <sections>\n    <com.tom.model.paper.PaperSection>\n      <name>单选题</name>\n      <remark>共10题，每题5分</remark>\n      <id>0</id>\n      <rnum>10</rnum>\n      <rtype>1</rtype>\n      <rlevel>3</rlevel>\n      <rdbid>9ef3867b-be99-459e-ad4a-79d1eabaa0ec</rdbid>\n      <rscore>5</rscore>\n    </com.tom.model.paper.PaperSection>\n    <com.tom.model.paper.PaperSection>\n      <name>多选题</name>\n      <remark>共5题，每题5分</remark>\n      <id>1</id>\n      <rnum>5</rnum>\n      <rtype>2</rtype>\n      <rlevel>3</rlevel>\n      <rdbid>9ef3867b-be99-459e-ad4a-79d1eabaa0ec</rdbid>\n      <rscore>5</rscore>\n    </com.tom.model.paper.PaperSection>\n    <com.tom.model.paper.PaperSection>\n      <name>判断题</name>\n      <remark>共5题，每题5分</remark>\n      <id>2</id>\n      <rnum>5</rnum>\n      <rtype>3</rtype>\n      <rlevel>3</rlevel>\n      <rdbid>9ef3867b-be99-459e-ad4a-79d1eabaa0ec</rdbid>\n      <rscore>5</rscore>\n    </com.tom.model.paper.PaperSection>\n  </sections>\n  <departments class=\"java.util.Arrays$ArrayList\">\n    <a class=\"string-array\">\n      <string>827ea7bb-138d-425e-9fdf-13e97172b039</string>\n    </a>\n  </departments>\n  <showKey>true</showKey>\n  <showMode>1</showMode>\n</com.tom.model.paper.Paper>', 'admin', '2016-07-14 22:31:44', 'admin', '2016-10-28 23:28:18', '1', '1'), ('f4bdf052-f9c8-4deb-9f5d-ecc8bed2b23b', '测试试卷-普通', '6c716e58-3b35-4197-be32-20a21267a1d4', '1', '2016-07-14 22:06:00', '2017-07-01 22:06:00', '100', '2016-08-01 22:06:00', '100', '60', '1', '0', '认真答题，禁止作弊', '<com.tom.model.paper.Paper>\n  <id>f4bdf052-f9c8-4deb-9f5d-ecc8bed2b23b</id>\n  <name>测试试卷-普通</name>\n  <status>1</status>\n  <starttime>2016-07-14 22:06:00.0 CST</starttime>\n  <endtime>2017-07-01 22:06:00.0 CST</endtime>\n  <duration>100</duration>\n  <showtime>2016-08-01 22:06:00.0 CST</showtime>\n  <totalscore>100</totalscore>\n  <passscore>60</passscore>\n  <ordertype>1</ordertype>\n  <papertype>0</papertype>\n  <remark>认真答题，禁止作弊</remark>\n  <sections>\n    <com.tom.model.paper.PaperSection>\n      <name>单选题</name>\n      <remark>共5题，每题2分</remark>\n      <id>0</id>\n      <questions>\n        <com.tom.model.paper.Question>\n          <id>246297ee-d1a5-41d0-adaa-b14d517d97a9</id>\n          <type>1</type>\n          <content>遇到前方车辆停车排队或者缓慢行驶时，强行穿插，以下</content>\n          <score>2</score>\n        </com.tom.model.paper.Question>\n        <com.tom.model.paper.Question>\n          <id>3bab31fa-9676-49b7-b642-1b3098fc2819</id>\n          <type>1</type>\n          <content>湿滑路面制动过程中，发现车辆偏离方向，以下做法正确</content>\n          <score>2</score>\n        </com.tom.model.paper.Question>\n        <com.tom.model.paper.Question>\n          <id>422d18ce-2092-4f6c-a8e9-b0971421e65b</id>\n          <type>1</type>\n          <content>醉酒驾驶机动车在道路上行驶会受到什么处罚？</content>\n          <score>2</score>\n        </com.tom.model.paper.Question>\n        <com.tom.model.paper.Question>\n          <id>1e65e7a9-2005-4cdf-9419-d14d4327ab8a</id>\n          <type>1</type>\n          <content>车辆在较窄的山路上行驶时，如果靠山体的一方不让行，</content>\n          <score>2</score>\n        </com.tom.model.paper.Question>\n        <com.tom.model.paper.Question>\n          <id>d0aaf4be-f05a-498d-a83b-35dfe41bfa49</id>\n          <type>1</type>\n          <content>饮酒后或者醉酒驾驶机动车发生重大交通事故构成犯罪的</content>\n          <score>2</score>\n        </com.tom.model.paper.Question>\n      </questions>\n      <rnum>0</rnum>\n      <rtype>0</rtype>\n      <rlevel>0</rlevel>\n      <rscore>0</rscore>\n    </com.tom.model.paper.PaperSection>\n    <com.tom.model.paper.PaperSection>\n      <name>多选题</name>\n      <remark>共5题，每题2分</remark>\n      <id>1</id>\n      <questions>\n        <com.tom.model.paper.Question>\n          <id>ffd4e580-c453-4912-9767-38df2537f6ee</id>\n          <type>2</type>\n          <content>警车、消防车、救护车、工程救险车执行紧急任务时，可</content>\n          <score>2</score>\n        </com.tom.model.paper.Question>\n        <com.tom.model.paper.Question>\n          <id>aa55ff1e-e183-41aa-a830-b855d77382e2</id>\n          <type>2</type>\n          <content>驾驶非机动车，必须遵守哪些规定？</content>\n          <score>2</score>\n        </com.tom.model.paper.Question>\n        <com.tom.model.paper.Question>\n          <id>f5d68879-a9dd-438b-9389-cc1ec6c7fd6a</id>\n          <type>2</type>\n          <content>乘坐机动车应当遵守下列规定：</content>\n          <score>2</score>\n        </com.tom.model.paper.Question>\n        <com.tom.model.paper.Question>\n          <id>b26bccad-f138-4f67-bc32-85b4dc755579</id>\n          <type>2</type>\n          <content>在道路上驾驶自行车、电动自行车应当遵守下列规定：</content>\n          <score>2</score>\n        </com.tom.model.paper.Question>\n        <com.tom.model.paper.Question>\n          <id>d28161c9-29ef-4bf6-94f4-588d2b7dcc68</id>\n          <type>2</type>\n          <content>下列哪几项属于交通信号：</content>\n          <score>2</score>\n        </com.tom.model.paper.Question>\n      </questions>\n      <rnum>0</rnum>\n      <rtype>0</rtype>\n      <rlevel>0</rlevel>\n      <rscore>0</rscore>\n    </com.tom.model.paper.PaperSection>\n    <com.tom.model.paper.PaperSection>\n      <name>判断题</name>\n      <remark>共5题，每题2分</remark>\n      <id>2</id>\n      <questions>\n        <com.tom.model.paper.Question>\n          <id>2b94d57e-d5cb-408b-902d-9c5421c6fc4a</id>\n          <type>3</type>\n          <content>驾驶人要按照驾驶证载明的准驾车型驾驶车辆。</content>\n          <score>2</score>\n        </com.tom.model.paper.Question>\n        <com.tom.model.paper.Question>\n          <id>1affb9f8-d36b-4c3d-b04b-85ac4a81e0c7</id>\n          <type>3</type>\n          <content>驾驶人在道路上醉酒驾驶机动车的处3年以上有期徒刑。</content>\n          <score>2</score>\n        </com.tom.model.paper.Question>\n        <com.tom.model.paper.Question>\n          <id>6229f8fb-c7a8-4755-969f-8e604ac94be1</id>\n          <type>3</type>\n          <content>在划有道路中心线的道路上会车时，应做到保持安全车速</content>\n          <score>2</score>\n        </com.tom.model.paper.Question>\n        <com.tom.model.paper.Question>\n          <id>89deca48-97e2-4cf9-a9c7-fb7cf14076d8</id>\n          <type>3</type>\n          <content>初次申领的机动车驾驶证的有效期为6年。</content>\n          <score>2</score>\n        </com.tom.model.paper.Question>\n        <com.tom.model.paper.Question>\n          <id>4082d364-b446-44c3-b9a1-48bbfa8de91a</id>\n          <type>3</type>\n          <content>在没有交通信号指示的交叉路口，转弯的机动车让直行的</content>\n          <score>2</score>\n        </com.tom.model.paper.Question>\n      </questions>\n      <rnum>0</rnum>\n      <rtype>0</rtype>\n      <rlevel>0</rlevel>\n      <rscore>0</rscore>\n    </com.tom.model.paper.PaperSection>\n    <com.tom.model.paper.PaperSection>\n      <name>填空题</name>\n      <remark>共5题，每题2分</remark>\n      <id>3</id>\n      <questions>\n        <com.tom.model.paper.Question>\n          <id>48711712-59d6-4631-8840-e8f88709a4d5</id>\n          <type>4</type>\n          <content>在火场中，充满了各种各样的危险：烈焰、高温、烟雾、</content>\n          <score>2</score>\n        </com.tom.model.paper.Question>\n        <com.tom.model.paper.Question>\n          <id>3255646b-3e61-42ca-b362-6ec308e07d6e</id>\n          <type>4</type>\n          <content>我国交通事故报警求救电话号码是[BlankArea</content>\n          <score>2</score>\n        </com.tom.model.paper.Question>\n        <com.tom.model.paper.Question>\n          <id>c6f898ac-6ac9-441f-8179-0780b3c1db22</id>\n          <type>4</type>\n          <content>行人不得[BlankArea1]道路隔离栏</content>\n          <score>2</score>\n        </com.tom.model.paper.Question>\n        <com.tom.model.paper.Question>\n          <id>c595c912-17d1-4316-8d5c-3e51bdf7e933</id>\n          <type>4</type>\n          <content>行人在没有人行道的道路上行走，应当靠路的[Blan</content>\n          <score>2</score>\n        </com.tom.model.paper.Question>\n        <com.tom.model.paper.Question>\n          <id>363add9c-72d5-466d-a521-410f38cedd82</id>\n          <type>4</type>\n          <content>身上衣服着火时，立即采取的正确灭火方法是[Blan</content>\n          <score>2</score>\n        </com.tom.model.paper.Question>\n      </questions>\n      <rnum>0</rnum>\n      <rtype>0</rtype>\n      <rlevel>0</rlevel>\n      <rscore>0</rscore>\n    </com.tom.model.paper.PaperSection>\n    <com.tom.model.paper.PaperSection>\n      <name>问答题</name>\n      <remark>共3题，每题20分</remark>\n      <id>4</id>\n      <questions>\n        <com.tom.model.paper.Question>\n          <id>19fbe701-7c09-4443-89bb-87508d98fa80</id>\n          <type>5</type>\n          <content>简述机动车辆安全行车的的基本要求</content>\n          <score>20</score>\n        </com.tom.model.paper.Question>\n        <com.tom.model.paper.Question>\n          <id>e7e49e62-9efd-40db-9547-dc04ac25aad9</id>\n          <type>5</type>\n          <content>道路交通安全法规定哪些人和车辆不能进入高速公路？</content>\n          <score>20</score>\n        </com.tom.model.paper.Question>\n        <com.tom.model.paper.Question>\n          <id>e4f9a82d-1609-42ec-a659-73bcc9195c20</id>\n          <type>5</type>\n          <content>机动车发生交通事故造成人身伤亡、财产损失的，由保险</content>\n          <score>20</score>\n        </com.tom.model.paper.Question>\n      </questions>\n      <rnum>0</rnum>\n      <rtype>0</rtype>\n      <rlevel>0</rlevel>\n      <rscore>0</rscore>\n    </com.tom.model.paper.PaperSection>\n  </sections>\n  <departments class=\"java.util.Arrays$ArrayList\">\n    <a class=\"string-array\">\n      <string>827ea7bb-138d-425e-9fdf-13e97172b039</string>\n    </a>\n  </departments>\n  <showKey>true</showKey>\n  <showMode>1</showMode>\n</com.tom.model.paper.Paper>', 'admin', '2016-07-14 22:08:39', 'admin', '2016-10-28 23:28:25', '1', '1');
COMMIT;

-- ----------------------------
--  Table structure for `tm_paper_category`
-- ----------------------------
DROP TABLE IF EXISTS `tm_paper_category`;
CREATE TABLE `tm_paper_category` (
  `c_id` varchar(50) NOT NULL DEFAULT '',
  `c_name` varchar(100) DEFAULT NULL,
  `c_remark` varchar(500) DEFAULT NULL,
  `c_status` int(2) DEFAULT NULL,
  `c_poster` varchar(50) DEFAULT NULL,
  `c_createdate` datetime DEFAULT NULL,
  `c_modifyor` varchar(50) DEFAULT NULL,
  `c_modifydate` datetime DEFAULT NULL,
  PRIMARY KEY (`c_id`)
) ENGINE=InnoDB DEFAULT CHARSET=utf8;

-- ----------------------------
--  Records of `tm_paper_category`
-- ----------------------------
BEGIN;
INSERT INTO `tm_paper_category` VALUES ('4909eb01-d045-4434-9656-06e128fbf19e', '2015年度考试卷', '2015年度试卷备注', '1', 'admin', '2016-04-16 22:00:18', 'admin', '2016-04-16 22:00:18'), ('6c716e58-3b35-4197-be32-20a21267a1d4', '2016年度考试卷', '2016年度试卷备注', '1', 'admin', '2016-04-15 21:41:57', 'admin', '2016-04-15 21:41:57');
COMMIT;

-- ----------------------------
--  Table structure for `tm_paper_link_branch`
-- ----------------------------
DROP TABLE IF EXISTS `tm_paper_link_branch`;
CREATE TABLE `tm_paper_link_branch` (
  `ln_pid` varchar(50) DEFAULT NULL,
  `ln_buid` varchar(50) DEFAULT NULL,
  `ln_type` int(2) DEFAULT NULL COMMENT '1部门关系，0个人关系'
) ENGINE=InnoDB DEFAULT CHARSET=utf8;

-- ----------------------------
--  Records of `tm_paper_link_branch`
-- ----------------------------
BEGIN;
INSERT INTO `tm_paper_link_branch` VALUES ('9a7c4551-06f4-4409-a507-2e3d7bd1de87', '09031ebf-8fcc-40c6-9101-68a52e3ff09b', '1'), ('9a7c4551-06f4-4409-a507-2e3d7bd1de87', '827ea7bb-138d-425e-9fdf-13e97172b039', '1'), ('6d804574-1586-4b01-b789-9667b18daee6', '09031ebf-8fcc-40c6-9101-68a52e3ff09b', '1'), ('6d804574-1586-4b01-b789-9667b18daee6', '827ea7bb-138d-425e-9fdf-13e97172b039', '1'), ('8e7c0b98-4887-484d-aa4f-55bb2657af5d', '827ea7bb-138d-425e-9fdf-13e97172b039', '1'), ('495a3765-577b-40bc-b054-7410320678e0', '827ea7bb-138d-425e-9fdf-13e97172b039', '1'), ('b86e090a-42dd-4f56-9fd2-d190f44594fb', '827ea7bb-138d-425e-9fdf-13e97172b039', '1'), ('f4bdf052-f9c8-4deb-9f5d-ecc8bed2b23b', '827ea7bb-138d-425e-9fdf-13e97172b039', '1');
COMMIT;

-- ----------------------------
--  Table structure for `tm_paper_random`
-- ----------------------------
DROP TABLE IF EXISTS `tm_paper_random`;
CREATE TABLE `tm_paper_random` (
  `r_id` int(11) NOT NULL AUTO_INCREMENT,
  `r_pid` varchar(50) DEFAULT NULL,
  `r_uid` varchar(50) DEFAULT NULL,
  `r_detail` longtext,
  `r_createdate` datetime DEFAULT NULL,
  PRIMARY KEY (`r_id`),
  KEY `IDX_PID` (`r_pid`),
  KEY `IDX_UID` (`r_uid`)
) ENGINE=InnoDB AUTO_INCREMENT=2 DEFAULT CHARSET=utf8;

-- ----------------------------
--  Records of `tm_paper_random`
-- ----------------------------
BEGIN;
INSERT INTO `tm_paper_random` VALUES ('1', 'b86e090a-42dd-4f56-9fd2-d190f44594fb', '76800b8f-4827-4732-94f4-729315cbfc18', '<com.tom.model.paper.Paper>\n  <id>b86e090a-42dd-4f56-9fd2-d190f44594fb</id>\n  <name>测试试卷-随机</name>\n  <status>1</status>\n  <starttime>2016-07-14 22:30:00.0 CST</starttime>\n  <endtime>2017-07-01 22:30:00.0 CST</endtime>\n  <duration>100</duration>\n  <showtime>2016-08-01 22:30:00.0 CST</showtime>\n  <totalscore>100</totalscore>\n  <passscore>60</passscore>\n  <ordertype>0</ordertype>\n  <papertype>1</papertype>\n  <remark>认真答卷，禁止作弊</remark>\n  <sections>\n    <com.tom.model.paper.PaperSection>\n      <name>单选题</name>\n      <remark>共10题，每题5分</remark>\n      <id>0</id>\n      <questions>\n        <com.tom.model.paper.QuestionSingleChoice>\n          <id>3bab31fa-9676-49b7-b642-1b3098fc2819</id>\n          <type>1</type>\n          <content>湿滑路面制动过程中，发现车辆偏离方向，以下做法正确的是？</content>\n          <key>D</key>\n          <score>5</score>\n          <options>\n            <com.tom.model.paper.Option>\n              <alisa>A</alisa>\n              <text>任意踩制动踏板</text>\n            </com.tom.model.paper.Option>\n            <com.tom.model.paper.Option>\n              <alisa>B</alisa>\n              <text>连续轻踩轻放制动踏板</text>\n            </com.tom.model.paper.Option>\n            <com.tom.model.paper.Option>\n              <alisa>C</alisa>\n              <text>用力踩制动踏板</text>\n            </com.tom.model.paper.Option>\n            <com.tom.model.paper.Option>\n              <alisa>D</alisa>\n              <text>不要踩制动踏板</text>\n            </com.tom.model.paper.Option>\n          </options>\n        </com.tom.model.paper.QuestionSingleChoice>\n        <com.tom.model.paper.QuestionSingleChoice>\n          <id>f27ca2e4-c511-45df-afc7-6534c909190e</id>\n          <type>1</type>\n          <content>驾驶机动车在道路上向左变更车道时如何使用灯光？</content>\n          <key>C</key>\n          <score>5</score>\n          <options>\n            <com.tom.model.paper.Option>\n              <alisa>A</alisa>\n              <text>提前开启右转向灯</text>\n            </com.tom.model.paper.Option>\n            <com.tom.model.paper.Option>\n              <alisa>B</alisa>\n              <text>不用开启转向灯</text>\n            </com.tom.model.paper.Option>\n            <com.tom.model.paper.Option>\n              <alisa>C</alisa>\n              <text>提前开启左转向灯</text>\n            </com.tom.model.paper.Option>\n            <com.tom.model.paper.Option>\n              <alisa>D</alisa>\n              <text>提前开启近光灯</text>\n            </com.tom.model.paper.Option>\n          </options>\n        </com.tom.model.paper.QuestionSingleChoice>\n        <com.tom.model.paper.QuestionSingleChoice>\n          <id>515c7c31-db05-4ee8-b802-7dca0bd08c8d</id>\n          <type>1</type>\n          <content>上道路行驶的机动车有哪种情形交通警察可依法扣留车辆？</content>\n          <key>A</key>\n          <score>5</score>\n          <options>\n            <com.tom.model.paper.Option>\n              <alisa>A</alisa>\n              <text>未放置检验合格标志</text>\n            </com.tom.model.paper.Option>\n            <com.tom.model.paper.Option>\n              <alisa>B</alisa>\n              <text>未携带身份证</text>\n            </com.tom.model.paper.Option>\n            <com.tom.model.paper.Option>\n              <alisa>C</alisa>\n              <text>未放置城市环保标志</text>\n            </com.tom.model.paper.Option>\n            <com.tom.model.paper.Option>\n              <alisa>D</alisa>\n              <text>未携带机动车登记证书</text>\n            </com.tom.model.paper.Option>\n          </options>\n        </com.tom.model.paper.QuestionSingleChoice>\n        <com.tom.model.paper.QuestionSingleChoice>\n          <id>246297ee-d1a5-41d0-adaa-b14d517d97a9</id>\n          <type>1</type>\n          <content>遇到前方车辆停车排队或者缓慢行驶时，强行穿插，以下说法正确的是什么？</content>\n          <key>D</key>\n          <score>5</score>\n          <options>\n            <com.tom.model.paper.Option>\n              <alisa>A</alisa>\n              <text>允许,因为可以省油</text>\n            </com.tom.model.paper.Option>\n            <com.tom.model.paper.Option>\n              <alisa>B</alisa>\n              <text>允许,因为可以快速地通过拥堵区</text>\n            </com.tom.model.paper.Option>\n            <com.tom.model.paper.Option>\n              <alisa>C</alisa>\n              <text>禁止,因为这样不利于省油</text>\n            </com.tom.model.paper.Option>\n            <com.tom.model.paper.Option>\n              <alisa>D</alisa>\n              <text>禁止,因为这样扰乱车流,加重拥堵</text>\n            </com.tom.model.paper.Option>\n          </options>\n        </com.tom.model.paper.QuestionSingleChoice>\n        <com.tom.model.paper.QuestionSingleChoice>\n          <id>422d18ce-2092-4f6c-a8e9-b0971421e65b</id>\n          <type>1</type>\n          <content>醉酒驾驶机动车在道路上行驶会受到什么处罚？</content>\n          <key>C</key>\n          <score>5</score>\n          <options>\n            <com.tom.model.paper.Option>\n              <alisa>A</alisa>\n              <text>处管制，并处罚金</text>\n            </com.tom.model.paper.Option>\n            <com.tom.model.paper.Option>\n              <alisa>B</alisa>\n              <text>处2年以上徒刑</text>\n            </com.tom.model.paper.Option>\n            <com.tom.model.paper.Option>\n              <alisa>C</alisa>\n              <text>处拘役，并处罚金</text>\n            </com.tom.model.paper.Option>\n            <com.tom.model.paper.Option>\n              <alisa>D</alisa>\n              <text>处2年以下徒刑</text>\n            </com.tom.model.paper.Option>\n          </options>\n        </com.tom.model.paper.QuestionSingleChoice>\n        <com.tom.model.paper.QuestionSingleChoice>\n          <id>2d58eee2-33e0-4334-8259-9a16c23f6832</id>\n          <type>1</type>\n          <content>驾驶的车辆正在被其他车辆超越时，若此时后方有跟随行驶的车辆，应怎样做？</content>\n          <key>B</key>\n          <score>5</score>\n          <options>\n            <com.tom.model.paper.Option>\n              <alisa>A</alisa>\n              <text>继续加速行驶</text>\n            </com.tom.model.paper.Option>\n            <com.tom.model.paper.Option>\n              <alisa>B</alisa>\n              <text>稍向右侧行驶，保证横向安全距离</text>\n            </com.tom.model.paper.Option>\n            <com.tom.model.paper.Option>\n              <alisa>C</alisa>\n              <text>靠道路中心行驶</text>\n            </com.tom.model.paper.Option>\n            <com.tom.model.paper.Option>\n              <alisa>D</alisa>\n              <text>加速向右侧让路</text>\n            </com.tom.model.paper.Option>\n          </options>\n        </com.tom.model.paper.QuestionSingleChoice>\n        <com.tom.model.paper.QuestionSingleChoice>\n          <id>1e65e7a9-2005-4cdf-9419-d14d4327ab8a</id>\n          <type>1</type>\n          <content>车辆在较窄的山路上行驶时，如果靠山体的一方不让行，应怎样做？</content>\n          <key>C</key>\n          <score>5</score>\n          <options>\n            <com.tom.model.paper.Option>\n              <alisa>A</alisa>\n              <text>鸣喇叭催其让行</text>\n            </com.tom.model.paper.Option>\n            <com.tom.model.paper.Option>\n              <alisa>B</alisa>\n              <text>保持正常车速行驶</text>\n            </com.tom.model.paper.Option>\n            <com.tom.model.paper.Option>\n              <alisa>C</alisa>\n              <text>提前减速或停车避让</text>\n            </com.tom.model.paper.Option>\n            <com.tom.model.paper.Option>\n              <alisa>D</alisa>\n              <text>向左占道，谨慎驶过</text>\n            </com.tom.model.paper.Option>\n          </options>\n        </com.tom.model.paper.QuestionSingleChoice>\n        <com.tom.model.paper.QuestionSingleChoice>\n          <id>d0aaf4be-f05a-498d-a83b-35dfe41bfa49</id>\n          <type>1</type>\n          <content>饮酒后或者醉酒驾驶机动车发生重大交通事故构成犯罪的，依法追究刑事责任，吊销机动车驾驶证，将多少年内不得申请机动车驾驶证？</content>\n          <key>D</key>\n          <score>5</score>\n          <options>\n            <com.tom.model.paper.Option>\n              <alisa>A</alisa>\n              <text>五年</text>\n            </com.tom.model.paper.Option>\n            <com.tom.model.paper.Option>\n              <alisa>B</alisa>\n              <text>十年</text>\n            </com.tom.model.paper.Option>\n            <com.tom.model.paper.Option>\n              <alisa>C</alisa>\n              <text>二十年</text>\n            </com.tom.model.paper.Option>\n            <com.tom.model.paper.Option>\n              <alisa>D</alisa>\n              <text>终生</text>\n            </com.tom.model.paper.Option>\n          </options>\n        </com.tom.model.paper.QuestionSingleChoice>\n        <com.tom.model.paper.QuestionSingleChoice>\n          <id>68c584f9-d1a7-43cc-b325-d619c7385ec8</id>\n          <type>1</type>\n          <content>防抱死制动系统（ABS）在什么情况下可以最大限度发挥制动器效能?</content>\n          <key>C</key>\n          <score>5</score>\n          <options>\n            <com.tom.model.paper.Option>\n              <alisa>A</alisa>\n              <text>间歇制动</text>\n            </com.tom.model.paper.Option>\n            <com.tom.model.paper.Option>\n              <alisa>B</alisa>\n              <text>持续制动</text>\n            </com.tom.model.paper.Option>\n            <com.tom.model.paper.Option>\n              <alisa>C</alisa>\n              <text>紧急制动</text>\n            </com.tom.model.paper.Option>\n            <com.tom.model.paper.Option>\n              <alisa>D</alisa>\n              <text>缓踏制动踏板</text>\n            </com.tom.model.paper.Option>\n          </options>\n        </com.tom.model.paper.QuestionSingleChoice>\n        <com.tom.model.paper.QuestionSingleChoice>\n          <id>fba4649a-f6a4-4f53-921c-089b881dfd32</id>\n          <type>1</type>\n          <content>下面哪种做法能帮助您避免被其他车辆从后方追撞？</content>\n          <key>C</key>\n          <score>5</score>\n          <options>\n            <com.tom.model.paper.Option>\n              <alisa>A</alisa>\n              <text>在任何时候都打开转向灯</text>\n            </com.tom.model.paper.Option>\n            <com.tom.model.paper.Option>\n              <alisa>B</alisa>\n              <text>一直打开双闪</text>\n            </com.tom.model.paper.Option>\n            <com.tom.model.paper.Option>\n              <alisa>C</alisa>\n              <text>在转弯前提前打开相应的转向灯</text>\n            </com.tom.model.paper.Option>\n            <com.tom.model.paper.Option>\n              <alisa>D</alisa>\n              <text>转弯前鸣笛示意</text>\n            </com.tom.model.paper.Option>\n          </options>\n        </com.tom.model.paper.QuestionSingleChoice>\n      </questions>\n      <rnum>10</rnum>\n      <rtype>1</rtype>\n      <rlevel>3</rlevel>\n      <rdbid>9ef3867b-be99-459e-ad4a-79d1eabaa0ec</rdbid>\n      <rscore>5</rscore>\n    </com.tom.model.paper.PaperSection>\n    <com.tom.model.paper.PaperSection>\n      <name>多选题</name>\n      <remark>共5题，每题5分</remark>\n      <id>1</id>\n      <questions>\n        <com.tom.model.paper.QuestionMultipleChoice>\n          <id>f5d68879-a9dd-438b-9389-cc1ec6c7fd6a</id>\n          <type>2</type>\n          <content>乘坐机动车应当遵守下列规定：</content>\n          <key>BCD</key>\n          <score>5</score>\n          <options>\n            <com.tom.model.paper.Option>\n              <alisa>A</alisa>\n              <text>乘坐两轮摩托车可以侧向骑坐</text>\n            </com.tom.model.paper.Option>\n            <com.tom.model.paper.Option>\n              <alisa>B</alisa>\n              <text>不得在机动车道上拦乘机动车</text>\n            </com.tom.model.paper.Option>\n            <com.tom.model.paper.Option>\n              <alisa>C</alisa>\n              <text>在机动车道上不得从机动车左侧上下车</text>\n            </com.tom.model.paper.Option>\n            <com.tom.model.paper.Option>\n              <alisa>D</alisa>\n              <text>开关车门不得妨碍其他车辆和行人通行</text>\n            </com.tom.model.paper.Option>\n          </options>\n        </com.tom.model.paper.QuestionMultipleChoice>\n        <com.tom.model.paper.QuestionMultipleChoice>\n          <id>b26bccad-f138-4f67-bc32-85b4dc755579</id>\n          <type>2</type>\n          <content>在道路上驾驶自行车、电动自行车应当遵守下列规定：</content>\n          <key>ACD</key>\n          <score>5</score>\n          <options>\n            <com.tom.model.paper.Option>\n              <alisa>A</alisa>\n              <text>不得牵引、攀扶车辆或者被其他车辆牵引</text>\n            </com.tom.model.paper.Option>\n            <com.tom.model.paper.Option>\n              <alisa>B</alisa>\n              <text>不得双手离把但可以手中持物</text>\n            </com.tom.model.paper.Option>\n            <com.tom.model.paper.Option>\n              <alisa>C</alisa>\n              <text>不得扶身并行、互相追逐或者曲折竞驶</text>\n            </com.tom.model.paper.Option>\n            <com.tom.model.paper.Option>\n              <alisa>D</alisa>\n              <text>不得在道路上骑独轮自行车或者2人以上骑行的自行车</text>\n            </com.tom.model.paper.Option>\n          </options>\n        </com.tom.model.paper.QuestionMultipleChoice>\n        <com.tom.model.paper.QuestionMultipleChoice>\n          <id>d28161c9-29ef-4bf6-94f4-588d2b7dcc68</id>\n          <type>2</type>\n          <content>下列哪几项属于交通信号：</content>\n          <key>ABD</key>\n          <score>5</score>\n          <options>\n            <com.tom.model.paper.Option>\n              <alisa>A</alisa>\n              <text>交通信号灯</text>\n            </com.tom.model.paper.Option>\n            <com.tom.model.paper.Option>\n              <alisa>B</alisa>\n              <text>交通标志、交通标线</text>\n            </com.tom.model.paper.Option>\n            <com.tom.model.paper.Option>\n              <alisa>C</alisa>\n              <text>交通宣传广告</text>\n            </com.tom.model.paper.Option>\n            <com.tom.model.paper.Option>\n              <alisa>D</alisa>\n              <text>交通警察的指挥</text>\n            </com.tom.model.paper.Option>\n          </options>\n        </com.tom.model.paper.QuestionMultipleChoice>\n        <com.tom.model.paper.QuestionMultipleChoice>\n          <id>aa55ff1e-e183-41aa-a830-b855d77382e2</id>\n          <type>2</type>\n          <content>驾驶非机动车，必须遵守哪些规定？</content>\n          <key>ABCD</key>\n          <score>5</score>\n          <options>\n            <com.tom.model.paper.Option>\n              <alisa>A</alisa>\n              <text>醉酒的人不准驾驶</text>\n            </com.tom.model.paper.Option>\n            <com.tom.model.paper.Option>\n              <alisa>B</alisa>\n              <text>丧失正常驾驶能力的残疾人不准驾驶（残疾人专用车除外）</text>\n            </com.tom.model.paper.Option>\n            <com.tom.model.paper.Option>\n              <alisa>C</alisa>\n              <text>未满十六岁的人，不准在道路上赶畜力车</text>\n            </com.tom.model.paper.Option>\n            <com.tom.model.paper.Option>\n              <alisa>D</alisa>\n              <text>未满十二岁的儿童，不准在道路上骑自行车、三轮车和推、拉人力车</text>\n            </com.tom.model.paper.Option>\n          </options>\n        </com.tom.model.paper.QuestionMultipleChoice>\n        <com.tom.model.paper.QuestionMultipleChoice>\n          <id>f8c27356-cf28-4d6b-9fbd-9dd355603711</id>\n          <type>2</type>\n          <content>在道路上发生交通事故，车辆驾驶人应当</content>\n          <key>ABC</key>\n          <score>5</score>\n          <options>\n            <com.tom.model.paper.Option>\n              <alisa>A</alisa>\n              <text>立即停车</text>\n            </com.tom.model.paper.Option>\n            <com.tom.model.paper.Option>\n              <alisa>B</alisa>\n              <text>保护现场</text>\n            </com.tom.model.paper.Option>\n            <com.tom.model.paper.Option>\n              <alisa>C</alisa>\n              <text>抢救伤员</text>\n            </com.tom.model.paper.Option>\n            <com.tom.model.paper.Option>\n              <alisa>D</alisa>\n              <text>撤离现场，自行协商处理损害赔偿事宜</text>\n            </com.tom.model.paper.Option>\n          </options>\n        </com.tom.model.paper.QuestionMultipleChoice>\n      </questions>\n      <rnum>5</rnum>\n      <rtype>2</rtype>\n      <rlevel>3</rlevel>\n      <rdbid>9ef3867b-be99-459e-ad4a-79d1eabaa0ec</rdbid>\n      <rscore>5</rscore>\n    </com.tom.model.paper.PaperSection>\n    <com.tom.model.paper.PaperSection>\n      <name>判断题</name>\n      <remark>共5题，每题5分</remark>\n      <id>2</id>\n      <questions>\n        <com.tom.model.paper.QuestionJudgment>\n          <id>af7fc705-b38b-49ae-ad63-54c3d2499d92</id>\n          <type>3</type>\n          <content>机动车在高速公路上发生交通事故无法正常行驶时，用救援车、清障车拖曳、牵引。</content>\n          <key>Y</key>\n          <score>5</score>\n        </com.tom.model.paper.QuestionJudgment>\n        <com.tom.model.paper.QuestionJudgment>\n          <id>1affb9f8-d36b-4c3d-b04b-85ac4a81e0c7</id>\n          <type>3</type>\n          <content>驾驶人在道路上醉酒驾驶机动车的处3年以上有期徒刑。</content>\n          <key>N</key>\n          <score>5</score>\n        </com.tom.model.paper.QuestionJudgment>\n        <com.tom.model.paper.QuestionJudgment>\n          <id>6229f8fb-c7a8-4755-969f-8e604ac94be1</id>\n          <type>3</type>\n          <content>在划有道路中心线的道路上会车时，应做到保持安全车速、不越线行驶。</content>\n          <key>Y</key>\n          <score>5</score>\n        </com.tom.model.paper.QuestionJudgment>\n        <com.tom.model.paper.QuestionJudgment>\n          <id>17ccfa68-b08c-4fb8-a423-e1735aca9b23</id>\n          <type>3</type>\n          <content>使用其他机动车号牌、行驶证的一次记3分。</content>\n          <key>N</key>\n          <score>5</score>\n        </com.tom.model.paper.QuestionJudgment>\n        <com.tom.model.paper.QuestionJudgment>\n          <id>37a28a88-08bf-4a58-b6fd-028dd9d9e243</id>\n          <type>3</type>\n          <content>驾驶车辆时，长时间左臂搭在车门窗上，或者长时间右手抓住变速器操纵杆，是一种驾驶陋习。</content>\n          <key>Y</key>\n          <score>5</score>\n        </com.tom.model.paper.QuestionJudgment>\n      </questions>\n      <rnum>5</rnum>\n      <rtype>3</rtype>\n      <rlevel>3</rlevel>\n      <rdbid>9ef3867b-be99-459e-ad4a-79d1eabaa0ec</rdbid>\n      <rscore>5</rscore>\n    </com.tom.model.paper.PaperSection>\n  </sections>\n  <departments>\n    <string>827ea7bb-138d-425e-9fdf-13e97172b039</string>\n  </departments>\n  <showKey>true</showKey>\n  <showMode>1</showMode>\n</com.tom.model.paper.Paper>', '2017-02-25 23:42:42');
COMMIT;

-- ----------------------------
--  Table structure for `tm_question`
-- ----------------------------
DROP TABLE IF EXISTS `tm_question`;
CREATE TABLE `tm_question` (
  `q_id` varchar(50) NOT NULL,
  `q_dbid` varchar(50) DEFAULT NULL,
  `q_type` int(2) DEFAULT NULL,
  `q_level` int(2) DEFAULT NULL,
  `q_from` varchar(50) DEFAULT NULL,
  `q_status` int(2) DEFAULT NULL,
  `q_content` longtext,
  `q_key` text,
  `q_resolve` text,
  `q_poster` varchar(50) DEFAULT NULL,
  `q_createdate` datetime DEFAULT NULL,
  `q_modifyor` varchar(50) DEFAULT NULL,
  `q_modifydate` datetime DEFAULT NULL,
  `q_data` longtext,
  PRIMARY KEY (`q_id`),
  KEY `FK_ref_question_db` (`q_dbid`),
  KEY `IDX_QTYPE` (`q_type`),
  KEY `IDX_QID` (`q_id`),
  KEY `IDX_QSTATUS` (`q_status`)
) ENGINE=InnoDB DEFAULT CHARSET=utf8;

-- ----------------------------
--  Records of `tm_question`
-- ----------------------------
BEGIN;
INSERT INTO `tm_question` VALUES ('00be0845-acaa-4d32-a002-0f5f843b3575', '9ef3867b-be99-459e-ad4a-79d1eabaa0ec', '2', '3', '', '1', '行人不得有下列哪些行为：', 'ABC', '', 'admin', '2016-07-14 22:02:36', 'admin', '2016-07-14 22:02:36', '<com.tom.model.paper.QuestionMultipleChoice>\n  <id>00be0845-acaa-4d32-a002-0f5f843b3575</id>\n  <type>2</type>\n  <content>行人不得有下列哪些行为：</content>\n  <key>ABC</key>\n  <score>0</score>\n  <options>\n    <com.tom.model.paper.Option>\n      <alisa>A</alisa>\n      <text>跨越、倚坐道路隔离设施</text>\n    </com.tom.model.paper.Option>\n    <com.tom.model.paper.Option>\n      <alisa>B</alisa>\n      <text>扒车、强行拦车</text>\n    </com.tom.model.paper.Option>\n    <com.tom.model.paper.Option>\n      <alisa>C</alisa>\n      <text>实施妨碍道路交通安全的其他行为</text>\n    </com.tom.model.paper.Option>\n    <com.tom.model.paper.Option>\n      <alisa>D</alisa>\n      <text>在人行道左侧行走</text>\n    </com.tom.model.paper.Option>\n  </options>\n</com.tom.model.paper.QuestionMultipleChoice>'), ('17a15e0c-f120-4bd2-bd36-ca00f473e24d', '9ef3867b-be99-459e-ad4a-79d1eabaa0ec', '4', '3', '', '1', '放学路上如果被陌生人跟踪，要赶紧[BlankArea1]', '打电话报警或告知家长', '', 'admin', '2016-07-14 22:02:53', 'admin', '2016-07-14 22:02:53', '<com.tom.model.paper.QuestionBlankFill>\n  <id>17a15e0c-f120-4bd2-bd36-ca00f473e24d</id>\n  <type>4</type>\n  <content>放学路上如果被陌生人跟踪，要赶紧[BlankArea1]</content>\n  <key></key>\n  <score>0</score>\n  <blanks>\n    <com.tom.model.paper.QBlank>\n      <id>1</id>\n      <name>BLANK1</name>\n      <value>打电话报警或告知家长</value>\n    </com.tom.model.paper.QBlank>\n  </blanks>\n  <isComplex>false</isComplex>\n</com.tom.model.paper.QuestionBlankFill>'), ('17ccfa68-b08c-4fb8-a423-e1735aca9b23', '9ef3867b-be99-459e-ad4a-79d1eabaa0ec', '3', '3', '', '1', '使用其他机动车号牌、行驶证的一次记3分。', 'N', '', 'admin', '2016-07-14 22:02:46', 'admin', '2016-07-14 22:02:46', '<com.tom.model.paper.QuestionJudgment>\n  <id>17ccfa68-b08c-4fb8-a423-e1735aca9b23</id>\n  <type>3</type>\n  <content>使用其他机动车号牌、行驶证的一次记3分。</content>\n  <key>N</key>\n  <score>0</score>\n</com.tom.model.paper.QuestionJudgment>'), ('19fbe701-7c09-4443-89bb-87508d98fa80', '9ef3867b-be99-459e-ad4a-79d1eabaa0ec', '5', '3', '', '1', '<p>简述机动车辆安全行车的的基本要求</p>\r\n', '执行派车制度，不应将车辆交他人驾驶; 驾驶人员随时携带国家公安交通管理机关核发的《中华人民共和国机动车驾驶证》和《烟草系统机动车驾驶员上岗证》; 严禁酒后、醉酒、超速等违章驾驶;货车载物应当符合核定的载物量，严禁超载;载物的长、宽、高不应违反装载要求，不应遗洒、飘散载运物;机动车行驶时，驾驶人、乘坐人员应按规定使用安全带;进入厂(场)区主干道最高行驶速度为30 km/h，其它道路最高行驶速度为20 km/h;道口、交叉口、装卸作业、人行稠密地段、下坡道和设有警告标识处，最高行驶速度为15 km/h;进出厂房、仓库大门、停车场、危险地段和生产现场，最高行驶速度为5 km/h;机动车在高速公路上发生故障时，警告标志应当设置在故障车来车方向150 m以外，车上人员应当迅速转移到右侧路肩上或者应急车道内;在道路上发生故障，需要停车排除故障时，驾驶人应当立即开启危险报警闪光灯，将机动车移至不妨碍交。通的地方停放;难以移动的，应当持续开启危险报警闪光灯，并在来车方向设置警告标志等措施扩大示警距离;交通事故专项应急预案的演练，具体执行YC/T384第1部分4.18的要求。', '', 'admin', '2016-07-14 22:03:02', 'admin', '2017-02-25 23:52:10', '<com.tom.model.paper.QuestionEssay>\n  <id>19fbe701-7c09-4443-89bb-87508d98fa80</id>\n  <type>5</type>\n  <content>&lt;p&gt;简述机动车辆安全行车的的基本要求&lt;/p&gt;&#xd;\n</content>\n  <key>执行派车制度，不应将车辆交他人驾驶; 驾驶人员随时携带国家公安交通管理机关核发的《中华人民共和国机动车驾驶证》和《烟草系统机动车驾驶员上岗证》; 严禁酒后、醉酒、超速等违章驾驶;货车载物应当符合核定的载物量，严禁超载;载物的长、宽、高不应违反装载要求，不应遗洒、飘散载运物;机动车行驶时，驾驶人、乘坐人员应按规定使用安全带;进入厂(场)区主干道最高行驶速度为30 km/h，其它道路最高行驶速度为20 km/h;道口、交叉口、装卸作业、人行稠密地段、下坡道和设有警告标识处，最高行驶速度为15 km/h;进出厂房、仓库大门、停车场、危险地段和生产现场，最高行驶速度为5 km/h;机动车在高速公路上发生故障时，警告标志应当设置在故障车来车方向150 m以外，车上人员应当迅速转移到右侧路肩上或者应急车道内;在道路上发生故障，需要停车排除故障时，驾驶人应当立即开启危险报警闪光灯，将机动车移至不妨碍交。通的地方停放;难以移动的，应当持续开启危险报警闪光灯，并在来车方向设置警告标志等措施扩大示警距离;交通事故专项应急预案的演练，具体执行YC/T384第1部分4.18的要求。</key>\n  <score>0</score>\n  <ext></ext>\n</com.tom.model.paper.QuestionEssay>'), ('1affb9f8-d36b-4c3d-b04b-85ac4a81e0c7', '9ef3867b-be99-459e-ad4a-79d1eabaa0ec', '3', '3', '', '1', '驾驶人在道路上醉酒驾驶机动车的处3年以上有期徒刑。', 'N', '', 'admin', '2016-07-14 22:02:46', 'admin', '2016-07-14 22:02:46', '<com.tom.model.paper.QuestionJudgment>\n  <id>1affb9f8-d36b-4c3d-b04b-85ac4a81e0c7</id>\n  <type>3</type>\n  <content>驾驶人在道路上醉酒驾驶机动车的处3年以上有期徒刑。</content>\n  <key>N</key>\n  <score>0</score>\n</com.tom.model.paper.QuestionJudgment>'), ('1e65e7a9-2005-4cdf-9419-d14d4327ab8a', '9ef3867b-be99-459e-ad4a-79d1eabaa0ec', '1', '3', '', '1', '车辆在较窄的山路上行驶时，如果靠山体的一方不让行，应怎样做？', 'C', '如果没特别指明我们有优先权，选事事让着别人就对了，做人和开车，都要学会淡定。', 'admin', '2016-07-14 22:02:36', 'admin', '2016-07-14 22:02:36', '<com.tom.model.paper.QuestionSingleChoice>\n  <id>1e65e7a9-2005-4cdf-9419-d14d4327ab8a</id>\n  <type>1</type>\n  <content>车辆在较窄的山路上行驶时，如果靠山体的一方不让行，应怎样做？</content>\n  <key>C</key>\n  <score>0</score>\n  <options>\n    <com.tom.model.paper.Option>\n      <alisa>A</alisa>\n      <text>鸣喇叭催其让行</text>\n    </com.tom.model.paper.Option>\n    <com.tom.model.paper.Option>\n      <alisa>B</alisa>\n      <text>保持正常车速行驶</text>\n    </com.tom.model.paper.Option>\n    <com.tom.model.paper.Option>\n      <alisa>C</alisa>\n      <text>提前减速或停车避让</text>\n    </com.tom.model.paper.Option>\n    <com.tom.model.paper.Option>\n      <alisa>D</alisa>\n      <text>向左占道，谨慎驶过</text>\n    </com.tom.model.paper.Option>\n  </options>\n</com.tom.model.paper.QuestionSingleChoice>'), ('246297ee-d1a5-41d0-adaa-b14d517d97a9', '9ef3867b-be99-459e-ad4a-79d1eabaa0ec', '1', '3', '', '1', '遇到前方车辆停车排队或者缓慢行驶时，强行穿插，以下说法正确的是什么？', 'D', '强行穿插，会扰乱车流，加重拥堵，是不文明的表现，应该禁止。', 'admin', '2016-07-14 22:02:36', 'admin', '2016-07-14 22:02:36', '<com.tom.model.paper.QuestionSingleChoice>\n  <id>246297ee-d1a5-41d0-adaa-b14d517d97a9</id>\n  <type>1</type>\n  <content>遇到前方车辆停车排队或者缓慢行驶时，强行穿插，以下说法正确的是什么？</content>\n  <key>D</key>\n  <score>0</score>\n  <options>\n    <com.tom.model.paper.Option>\n      <alisa>A</alisa>\n      <text>允许,因为可以省油</text>\n    </com.tom.model.paper.Option>\n    <com.tom.model.paper.Option>\n      <alisa>B</alisa>\n      <text>允许,因为可以快速地通过拥堵区</text>\n    </com.tom.model.paper.Option>\n    <com.tom.model.paper.Option>\n      <alisa>C</alisa>\n      <text>禁止,因为这样不利于省油</text>\n    </com.tom.model.paper.Option>\n    <com.tom.model.paper.Option>\n      <alisa>D</alisa>\n      <text>禁止,因为这样扰乱车流,加重拥堵</text>\n    </com.tom.model.paper.Option>\n  </options>\n</com.tom.model.paper.QuestionSingleChoice>'), ('2b94d57e-d5cb-408b-902d-9c5421c6fc4a', '9ef3867b-be99-459e-ad4a-79d1eabaa0ec', '3', '3', '', '1', '驾驶人要按照驾驶证载明的准驾车型驾驶车辆。', 'Y', '', 'admin', '2016-07-14 22:02:46', 'admin', '2016-07-14 22:02:46', '<com.tom.model.paper.QuestionJudgment>\n  <id>2b94d57e-d5cb-408b-902d-9c5421c6fc4a</id>\n  <type>3</type>\n  <content>驾驶人要按照驾驶证载明的准驾车型驾驶车辆。</content>\n  <key>Y</key>\n  <score>0</score>\n</com.tom.model.paper.QuestionJudgment>'), ('2d58eee2-33e0-4334-8259-9a16c23f6832', '9ef3867b-be99-459e-ad4a-79d1eabaa0ec', '1', '3', '', '1', '驾驶的车辆正在被其他车辆超越时，若此时后方有跟随行驶的车辆，应怎样做？', 'B', '我们都应该让,安全行驶,一定要和谐。', 'admin', '2016-07-14 22:02:36', 'admin', '2016-07-14 22:02:36', '<com.tom.model.paper.QuestionSingleChoice>\n  <id>2d58eee2-33e0-4334-8259-9a16c23f6832</id>\n  <type>1</type>\n  <content>驾驶的车辆正在被其他车辆超越时，若此时后方有跟随行驶的车辆，应怎样做？</content>\n  <key>B</key>\n  <score>0</score>\n  <options>\n    <com.tom.model.paper.Option>\n      <alisa>A</alisa>\n      <text>继续加速行驶</text>\n    </com.tom.model.paper.Option>\n    <com.tom.model.paper.Option>\n      <alisa>B</alisa>\n      <text>稍向右侧行驶，保证横向安全距离</text>\n    </com.tom.model.paper.Option>\n    <com.tom.model.paper.Option>\n      <alisa>C</alisa>\n      <text>靠道路中心行驶</text>\n    </com.tom.model.paper.Option>\n    <com.tom.model.paper.Option>\n      <alisa>D</alisa>\n      <text>加速向右侧让路</text>\n    </com.tom.model.paper.Option>\n  </options>\n</com.tom.model.paper.QuestionSingleChoice>'), ('3255646b-3e61-42ca-b362-6ec308e07d6e', '9ef3867b-be99-459e-ad4a-79d1eabaa0ec', '4', '3', '', '1', '我国交通事故报警求救电话号码是[BlankArea1]', '122', '', 'admin', '2016-07-14 22:02:53', 'admin', '2016-07-14 22:02:53', '<com.tom.model.paper.QuestionBlankFill>\n  <id>3255646b-3e61-42ca-b362-6ec308e07d6e</id>\n  <type>4</type>\n  <content>我国交通事故报警求救电话号码是[BlankArea1]</content>\n  <key></key>\n  <score>0</score>\n  <blanks>\n    <com.tom.model.paper.QBlank>\n      <id>1</id>\n      <name>BLANK1</name>\n      <value>122</value>\n    </com.tom.model.paper.QBlank>\n  </blanks>\n  <isComplex>false</isComplex>\n</com.tom.model.paper.QuestionBlankFill>'), ('363add9c-72d5-466d-a521-410f38cedd82', '9ef3867b-be99-459e-ad4a-79d1eabaa0ec', '4', '3', '', '1', '身上衣服着火时，立即采取的正确灭火方法是[BlankArea1]', '就地打滚压灭身上火苗', '', 'admin', '2016-07-14 22:02:53', 'admin', '2016-07-14 22:02:53', '<com.tom.model.paper.QuestionBlankFill>\n  <id>363add9c-72d5-466d-a521-410f38cedd82</id>\n  <type>4</type>\n  <content>身上衣服着火时，立即采取的正确灭火方法是[BlankArea1]</content>\n  <key></key>\n  <score>0</score>\n  <blanks>\n    <com.tom.model.paper.QBlank>\n      <id>1</id>\n      <name>BLANK1</name>\n      <value>就地打滚压灭身上火苗</value>\n    </com.tom.model.paper.QBlank>\n  </blanks>\n  <isComplex>false</isComplex>\n</com.tom.model.paper.QuestionBlankFill>'), ('37a28a88-08bf-4a58-b6fd-028dd9d9e243', '9ef3867b-be99-459e-ad4a-79d1eabaa0ec', '3', '3', '', '1', '驾驶车辆时，长时间左臂搭在车门窗上，或者长时间右手抓住变速器操纵杆，是一种驾驶陋习。', 'Y', '', 'admin', '2016-07-14 22:02:46', 'admin', '2016-07-14 22:02:46', '<com.tom.model.paper.QuestionJudgment>\n  <id>37a28a88-08bf-4a58-b6fd-028dd9d9e243</id>\n  <type>3</type>\n  <content>驾驶车辆时，长时间左臂搭在车门窗上，或者长时间右手抓住变速器操纵杆，是一种驾驶陋习。</content>\n  <key>Y</key>\n  <score>0</score>\n</com.tom.model.paper.QuestionJudgment>'), ('3bab31fa-9676-49b7-b642-1b3098fc2819', '9ef3867b-be99-459e-ad4a-79d1eabaa0ec', '1', '3', '', '1', '湿滑路面制动过程中，发现车辆偏离方向，以下做法正确的是？', 'D', '这个情况下，立即踏制动踏板容易引起侧翻。如后轮一直被刹住的情况下，不松开踏板，汽车会出现甩尾现象;如前轮一直被刹住的情况下不松开踏板，汽车会出现方向失去控制。正确的做法是先握紧方向盘，不要紧急踩刹车。', 'admin', '2016-07-14 22:02:36', 'admin', '2016-07-14 22:02:36', '<com.tom.model.paper.QuestionSingleChoice>\n  <id>3bab31fa-9676-49b7-b642-1b3098fc2819</id>\n  <type>1</type>\n  <content>湿滑路面制动过程中，发现车辆偏离方向，以下做法正确的是？</content>\n  <key>D</key>\n  <score>0</score>\n  <options>\n    <com.tom.model.paper.Option>\n      <alisa>A</alisa>\n      <text>任意踩制动踏板</text>\n    </com.tom.model.paper.Option>\n    <com.tom.model.paper.Option>\n      <alisa>B</alisa>\n      <text>连续轻踩轻放制动踏板</text>\n    </com.tom.model.paper.Option>\n    <com.tom.model.paper.Option>\n      <alisa>C</alisa>\n      <text>用力踩制动踏板</text>\n    </com.tom.model.paper.Option>\n    <com.tom.model.paper.Option>\n      <alisa>D</alisa>\n      <text>不要踩制动踏板</text>\n    </com.tom.model.paper.Option>\n  </options>\n</com.tom.model.paper.QuestionSingleChoice>'), ('3d32160b-fe77-4a72-9386-fdbf9dbe63e1', '9ef3867b-be99-459e-ad4a-79d1eabaa0ec', '5', '3', '', '1', '冬季驾驶员驾驶车辆应采取哪些安全措施?', '提高安全行车意识、出车前驾驶员必须认真检查车上的安全设备、平稳驾驶、加大车距、降低车速等等', '', 'admin', '2016-07-14 22:03:02', 'admin', '2016-07-14 22:03:02', '<com.tom.model.paper.QuestionEssay>\n  <id>3d32160b-fe77-4a72-9386-fdbf9dbe63e1</id>\n  <type>5</type>\n  <content>冬季驾驶员驾驶车辆应采取哪些安全措施?</content>\n  <key>提高安全行车意识、出车前驾驶员必须认真检查车上的安全设备、平稳驾驶、加大车距、降低车速等等</key>\n  <score>0</score>\n</com.tom.model.paper.QuestionEssay>'), ('4082d364-b446-44c3-b9a1-48bbfa8de91a', '9ef3867b-be99-459e-ad4a-79d1eabaa0ec', '3', '3', '', '1', '在没有交通信号指示的交叉路口，转弯的机动车让直行的车辆和行人先行。', 'Y', '', 'admin', '2016-07-14 22:02:46', 'admin', '2016-07-14 22:02:46', '<com.tom.model.paper.QuestionJudgment>\n  <id>4082d364-b446-44c3-b9a1-48bbfa8de91a</id>\n  <type>3</type>\n  <content>在没有交通信号指示的交叉路口，转弯的机动车让直行的车辆和行人先行。</content>\n  <key>Y</key>\n  <score>0</score>\n</com.tom.model.paper.QuestionJudgment>'), ('422d18ce-2092-4f6c-a8e9-b0971421e65b', '9ef3867b-be99-459e-ad4a-79d1eabaa0ec', '1', '3', '', '1', '醉酒驾驶机动车在道路上行驶会受到什么处罚？', 'C', '醉酒驾驶，由公安机关约束至酒醒。吊销机驾驶证，依法追究刑事责任，5年内不得重新取得驾驶证。', 'admin', '2016-07-14 22:02:36', 'admin', '2016-07-14 22:02:36', '<com.tom.model.paper.QuestionSingleChoice>\n  <id>422d18ce-2092-4f6c-a8e9-b0971421e65b</id>\n  <type>1</type>\n  <content>醉酒驾驶机动车在道路上行驶会受到什么处罚？</content>\n  <key>C</key>\n  <score>0</score>\n  <options>\n    <com.tom.model.paper.Option>\n      <alisa>A</alisa>\n      <text>处管制，并处罚金</text>\n    </com.tom.model.paper.Option>\n    <com.tom.model.paper.Option>\n      <alisa>B</alisa>\n      <text>处2年以上徒刑</text>\n    </com.tom.model.paper.Option>\n    <com.tom.model.paper.Option>\n      <alisa>C</alisa>\n      <text>处拘役，并处罚金</text>\n    </com.tom.model.paper.Option>\n    <com.tom.model.paper.Option>\n      <alisa>D</alisa>\n      <text>处2年以下徒刑</text>\n    </com.tom.model.paper.Option>\n  </options>\n</com.tom.model.paper.QuestionSingleChoice>'), ('48711712-59d6-4631-8840-e8f88709a4d5', '9ef3867b-be99-459e-ad4a-79d1eabaa0ec', '4', '3', '', '1', '在火场中，充满了各种各样的危险：烈焰、高温、烟雾、毒气等。自我保护措施是用湿毛巾捂住[BlankArea1]，必要时[BlankArea2]前行', '口鼻,匍匐', '', 'admin', '2016-07-14 22:02:53', 'admin', '2016-07-14 22:02:53', '<com.tom.model.paper.QuestionBlankFill>\n  <id>48711712-59d6-4631-8840-e8f88709a4d5</id>\n  <type>4</type>\n  <content>在火场中，充满了各种各样的危险：烈焰、高温、烟雾、毒气等。自我保护措施是用湿毛巾捂住[BlankArea1]，必要时[BlankArea2]前行</content>\n  <key></key>\n  <score>0</score>\n  <blanks>\n    <com.tom.model.paper.QBlank>\n      <id>1</id>\n      <name>BLANK1</name>\n      <value>口鼻</value>\n    </com.tom.model.paper.QBlank>\n    <com.tom.model.paper.QBlank>\n      <id>2</id>\n      <name>BLANK2</name>\n      <value>匍匐</value>\n    </com.tom.model.paper.QBlank>\n  </blanks>\n  <isComplex>false</isComplex>\n</com.tom.model.paper.QuestionBlankFill>'), ('515c7c31-db05-4ee8-b802-7dca0bd08c8d', '9ef3867b-be99-459e-ad4a-79d1eabaa0ec', '1', '3', '', '1', '上道路行驶的机动车有哪种情形交通警察可依法扣留车辆？', 'A', '未放置检验合格标志，未悬挂机动车号牌，未放置保险标志的，未携带机动车行驶证的都是可依法扣留车辆的。', 'admin', '2016-07-14 22:02:36', 'admin', '2016-07-14 22:02:36', '<com.tom.model.paper.QuestionSingleChoice>\n  <id>515c7c31-db05-4ee8-b802-7dca0bd08c8d</id>\n  <type>1</type>\n  <content>上道路行驶的机动车有哪种情形交通警察可依法扣留车辆？</content>\n  <key>A</key>\n  <score>0</score>\n  <options>\n    <com.tom.model.paper.Option>\n      <alisa>A</alisa>\n      <text>未放置检验合格标志</text>\n    </com.tom.model.paper.Option>\n    <com.tom.model.paper.Option>\n      <alisa>B</alisa>\n      <text>未携带身份证</text>\n    </com.tom.model.paper.Option>\n    <com.tom.model.paper.Option>\n      <alisa>C</alisa>\n      <text>未放置城市环保标志</text>\n    </com.tom.model.paper.Option>\n    <com.tom.model.paper.Option>\n      <alisa>D</alisa>\n      <text>未携带机动车登记证书</text>\n    </com.tom.model.paper.Option>\n  </options>\n</com.tom.model.paper.QuestionSingleChoice>'), ('6229f8fb-c7a8-4755-969f-8e604ac94be1', '9ef3867b-be99-459e-ad4a-79d1eabaa0ec', '3', '3', '', '1', '在划有道路中心线的道路上会车时，应做到保持安全车速、不越线行驶。', 'Y', '', 'admin', '2016-07-14 22:02:46', 'admin', '2016-07-14 22:02:46', '<com.tom.model.paper.QuestionJudgment>\n  <id>6229f8fb-c7a8-4755-969f-8e604ac94be1</id>\n  <type>3</type>\n  <content>在划有道路中心线的道路上会车时，应做到保持安全车速、不越线行驶。</content>\n  <key>Y</key>\n  <score>0</score>\n</com.tom.model.paper.QuestionJudgment>'), ('68c584f9-d1a7-43cc-b325-d619c7385ec8', '9ef3867b-be99-459e-ad4a-79d1eabaa0ec', '1', '3', '', '1', '防抱死制动系统（ABS）在什么情况下可以最大限度发挥制动器效能?', 'C', 'ABS的目的就是为了防止刹车的时候一脚踩死，导致翻车什么的。 不过刹车刹死就比较慢（速度N快的时候），效果等于踩下刹车，再松下刹车，反复几次！', 'admin', '2016-07-14 22:02:36', 'admin', '2016-07-14 22:02:36', '<com.tom.model.paper.QuestionSingleChoice>\n  <id>68c584f9-d1a7-43cc-b325-d619c7385ec8</id>\n  <type>1</type>\n  <content>防抱死制动系统（ABS）在什么情况下可以最大限度发挥制动器效能?</content>\n  <key>C</key>\n  <score>0</score>\n  <options>\n    <com.tom.model.paper.Option>\n      <alisa>A</alisa>\n      <text>间歇制动</text>\n    </com.tom.model.paper.Option>\n    <com.tom.model.paper.Option>\n      <alisa>B</alisa>\n      <text>持续制动</text>\n    </com.tom.model.paper.Option>\n    <com.tom.model.paper.Option>\n      <alisa>C</alisa>\n      <text>紧急制动</text>\n    </com.tom.model.paper.Option>\n    <com.tom.model.paper.Option>\n      <alisa>D</alisa>\n      <text>缓踏制动踏板</text>\n    </com.tom.model.paper.Option>\n  </options>\n</com.tom.model.paper.QuestionSingleChoice>'), ('6aa0e536-a5a4-4eda-a58c-0be064599ca9', '9ef3867b-be99-459e-ad4a-79d1eabaa0ec', '2', '3', '', '1', '交通信号灯由（）组成。', 'ABC', '', 'admin', '2016-07-14 22:02:36', 'admin', '2016-07-14 22:02:36', '<com.tom.model.paper.QuestionMultipleChoice>\n  <id>6aa0e536-a5a4-4eda-a58c-0be064599ca9</id>\n  <type>2</type>\n  <content>交通信号灯由（）组成。</content>\n  <key>ABC</key>\n  <score>0</score>\n  <options>\n    <com.tom.model.paper.Option>\n      <alisa>A</alisa>\n      <text>红灯</text>\n    </com.tom.model.paper.Option>\n    <com.tom.model.paper.Option>\n      <alisa>B</alisa>\n      <text>绿灯</text>\n    </com.tom.model.paper.Option>\n    <com.tom.model.paper.Option>\n      <alisa>C</alisa>\n      <text>黄灯</text>\n    </com.tom.model.paper.Option>\n    <com.tom.model.paper.Option>\n      <alisa>D</alisa>\n      <text>蓝灯</text>\n    </com.tom.model.paper.Option>\n  </options>\n</com.tom.model.paper.QuestionMultipleChoice>'), ('7f4298a1-7967-484b-bcba-d688bb376348', '9ef3867b-be99-459e-ad4a-79d1eabaa0ec', '2', '3', '', '1', '对道路交通安全违法行为的处罚种类包括：', 'ABCD', '', 'admin', '2016-07-14 22:02:36', 'admin', '2016-07-14 22:02:36', '<com.tom.model.paper.QuestionMultipleChoice>\n  <id>7f4298a1-7967-484b-bcba-d688bb376348</id>\n  <type>2</type>\n  <content>对道路交通安全违法行为的处罚种类包括：</content>\n  <key>ABCD</key>\n  <score>0</score>\n  <options>\n    <com.tom.model.paper.Option>\n      <alisa>A</alisa>\n      <text>警告</text>\n    </com.tom.model.paper.Option>\n    <com.tom.model.paper.Option>\n      <alisa>B</alisa>\n      <text>罚款</text>\n    </com.tom.model.paper.Option>\n    <com.tom.model.paper.Option>\n      <alisa>C</alisa>\n      <text>暂扣或者吊销机动车驾驶证</text>\n    </com.tom.model.paper.Option>\n    <com.tom.model.paper.Option>\n      <alisa>D</alisa>\n      <text>拘留</text>\n    </com.tom.model.paper.Option>\n  </options>\n</com.tom.model.paper.QuestionMultipleChoice>'), ('8101d76a-501f-4824-befd-812d3c1ed2ff', '9ef3867b-be99-459e-ad4a-79d1eabaa0ec', '2', '3', '', '1', '下列哪些情形不得驾驶机动车？', 'ABC', '', 'admin', '2016-07-14 22:02:36', 'admin', '2016-07-14 22:02:36', '<com.tom.model.paper.QuestionMultipleChoice>\n  <id>8101d76a-501f-4824-befd-812d3c1ed2ff</id>\n  <type>2</type>\n  <content>下列哪些情形不得驾驶机动车？</content>\n  <key>ABC</key>\n  <score>0</score>\n  <options>\n    <com.tom.model.paper.Option>\n      <alisa>A</alisa>\n      <text>饮酒、服用国家管制的精神药品或者麻醉药品</text>\n    </com.tom.model.paper.Option>\n    <com.tom.model.paper.Option>\n      <alisa>B</alisa>\n      <text>患有妨碍安全驾驶机动车的疾病</text>\n    </com.tom.model.paper.Option>\n    <com.tom.model.paper.Option>\n      <alisa>C</alisa>\n      <text>过度疲劳影响安全驾驶的</text>\n    </com.tom.model.paper.Option>\n    <com.tom.model.paper.Option>\n      <alisa>D</alisa>\n      <text>下肢有残疾的</text>\n    </com.tom.model.paper.Option>\n  </options>\n</com.tom.model.paper.QuestionMultipleChoice>'), ('824df8ca-641e-4cc7-bfbc-229b1c3675ca', '9ef3867b-be99-459e-ad4a-79d1eabaa0ec', '4', '3', '', '1', '使用电灯时，灯炮不要[BlankArea1]可燃物', '接触或靠近', '', 'admin', '2016-07-14 22:02:53', 'admin', '2016-07-14 22:02:53', '<com.tom.model.paper.QuestionBlankFill>\n  <id>824df8ca-641e-4cc7-bfbc-229b1c3675ca</id>\n  <type>4</type>\n  <content>使用电灯时，灯炮不要[BlankArea1]可燃物</content>\n  <key></key>\n  <score>0</score>\n  <blanks>\n    <com.tom.model.paper.QBlank>\n      <id>1</id>\n      <name>BLANK1</name>\n      <value>接触或靠近</value>\n    </com.tom.model.paper.QBlank>\n  </blanks>\n  <isComplex>false</isComplex>\n</com.tom.model.paper.QuestionBlankFill>'), ('844f0fad-7fab-41c0-b061-3d8cc5e6e6b8', '9ef3867b-be99-459e-ad4a-79d1eabaa0ec', '5', '3', '', '1', '如何做一名合格的驾驶员？', '首先要有法治观念、要有熟练的驾驶技术并对自己驾驶的汽车了如指掌、要养成良好的驾驶习惯，文明驾驶、要充分照顾交通弱势群体的利益、要有平和的驾驶心态等等', '', 'admin', '2016-07-14 22:03:02', 'admin', '2016-07-14 22:03:02', '<com.tom.model.paper.QuestionEssay>\n  <id>844f0fad-7fab-41c0-b061-3d8cc5e6e6b8</id>\n  <type>5</type>\n  <content>如何做一名合格的驾驶员？</content>\n  <key>首先要有法治观念、要有熟练的驾驶技术并对自己驾驶的汽车了如指掌、要养成良好的驾驶习惯，文明驾驶、要充分照顾交通弱势群体的利益、要有平和的驾驶心态等等</key>\n  <score>0</score>\n</com.tom.model.paper.QuestionEssay>'), ('89deca48-97e2-4cf9-a9c7-fb7cf14076d8', '9ef3867b-be99-459e-ad4a-79d1eabaa0ec', '3', '3', '', '1', '初次申领的机动车驾驶证的有效期为6年。', 'Y', '', 'admin', '2016-07-14 22:02:46', 'admin', '2016-07-14 22:02:46', '<com.tom.model.paper.QuestionJudgment>\n  <id>89deca48-97e2-4cf9-a9c7-fb7cf14076d8</id>\n  <type>3</type>\n  <content>初次申领的机动车驾驶证的有效期为6年。</content>\n  <key>Y</key>\n  <score>0</score>\n</com.tom.model.paper.QuestionJudgment>'), ('9055e943-62b0-421a-8d0f-e5e25273bc67', '9ef3867b-be99-459e-ad4a-79d1eabaa0ec', '3', '3', '', '1', '车辆下坡行驶，要适当控制车速，充分利用发动机进行制动。', 'Y', '', 'admin', '2016-07-14 22:02:46', 'admin', '2016-07-14 22:02:46', '<com.tom.model.paper.QuestionJudgment>\n  <id>9055e943-62b0-421a-8d0f-e5e25273bc67</id>\n  <type>3</type>\n  <content>车辆下坡行驶，要适当控制车速，充分利用发动机进行制动。</content>\n  <key>Y</key>\n  <score>0</score>\n</com.tom.model.paper.QuestionJudgment>'), ('a4fc9bbd-4594-42c9-a5ba-9bd6ea1588dd', '9ef3867b-be99-459e-ad4a-79d1eabaa0ec', '4', '3', '', '1', '《道路交通安全法》于[BlankArea1]（按照如下格式填写：2001年1月1日）起施行。', '2004年5月1日', '', 'admin', '2016-07-14 22:02:53', 'admin', '2016-07-14 22:02:53', '<com.tom.model.paper.QuestionBlankFill>\n  <id>a4fc9bbd-4594-42c9-a5ba-9bd6ea1588dd</id>\n  <type>4</type>\n  <content>《道路交通安全法》于[BlankArea1]（按照如下格式填写：2001年1月1日）起施行。</content>\n  <key></key>\n  <score>0</score>\n  <blanks>\n    <com.tom.model.paper.QBlank>\n      <id>1</id>\n      <name>BLANK1</name>\n      <value>2004年5月1日</value>\n    </com.tom.model.paper.QBlank>\n  </blanks>\n  <isComplex>false</isComplex>\n</com.tom.model.paper.QuestionBlankFill>'), ('aa55ff1e-e183-41aa-a830-b855d77382e2', '9ef3867b-be99-459e-ad4a-79d1eabaa0ec', '2', '3', '', '1', '驾驶非机动车，必须遵守哪些规定？', 'ABCD', '', 'admin', '2016-07-14 22:02:36', 'admin', '2016-07-14 22:02:36', '<com.tom.model.paper.QuestionMultipleChoice>\n  <id>aa55ff1e-e183-41aa-a830-b855d77382e2</id>\n  <type>2</type>\n  <content>驾驶非机动车，必须遵守哪些规定？</content>\n  <key>ABCD</key>\n  <score>0</score>\n  <options>\n    <com.tom.model.paper.Option>\n      <alisa>A</alisa>\n      <text>醉酒的人不准驾驶</text>\n    </com.tom.model.paper.Option>\n    <com.tom.model.paper.Option>\n      <alisa>B</alisa>\n      <text>丧失正常驾驶能力的残疾人不准驾驶（残疾人专用车除外）</text>\n    </com.tom.model.paper.Option>\n    <com.tom.model.paper.Option>\n      <alisa>C</alisa>\n      <text>未满十六岁的人，不准在道路上赶畜力车</text>\n    </com.tom.model.paper.Option>\n    <com.tom.model.paper.Option>\n      <alisa>D</alisa>\n      <text>未满十二岁的儿童，不准在道路上骑自行车、三轮车和推、拉人力车</text>\n    </com.tom.model.paper.Option>\n  </options>\n</com.tom.model.paper.QuestionMultipleChoice>'), ('af7fc705-b38b-49ae-ad63-54c3d2499d92', '9ef3867b-be99-459e-ad4a-79d1eabaa0ec', '3', '3', '', '1', '机动车在高速公路上发生交通事故无法正常行驶时，用救援车、清障车拖曳、牵引。', 'Y', '', 'admin', '2016-07-14 22:02:46', 'admin', '2016-07-14 22:02:46', '<com.tom.model.paper.QuestionJudgment>\n  <id>af7fc705-b38b-49ae-ad63-54c3d2499d92</id>\n  <type>3</type>\n  <content>机动车在高速公路上发生交通事故无法正常行驶时，用救援车、清障车拖曳、牵引。</content>\n  <key>Y</key>\n  <score>0</score>\n</com.tom.model.paper.QuestionJudgment>'), ('b26bccad-f138-4f67-bc32-85b4dc755579', '9ef3867b-be99-459e-ad4a-79d1eabaa0ec', '2', '3', '', '1', '在道路上驾驶自行车、电动自行车应当遵守下列规定：', 'ACD', '', 'admin', '2016-07-14 22:02:36', 'admin', '2016-07-14 22:02:36', '<com.tom.model.paper.QuestionMultipleChoice>\n  <id>b26bccad-f138-4f67-bc32-85b4dc755579</id>\n  <type>2</type>\n  <content>在道路上驾驶自行车、电动自行车应当遵守下列规定：</content>\n  <key>ACD</key>\n  <score>0</score>\n  <options>\n    <com.tom.model.paper.Option>\n      <alisa>A</alisa>\n      <text>不得牵引、攀扶车辆或者被其他车辆牵引</text>\n    </com.tom.model.paper.Option>\n    <com.tom.model.paper.Option>\n      <alisa>B</alisa>\n      <text>不得双手离把但可以手中持物</text>\n    </com.tom.model.paper.Option>\n    <com.tom.model.paper.Option>\n      <alisa>C</alisa>\n      <text>不得扶身并行、互相追逐或者曲折竞驶</text>\n    </com.tom.model.paper.Option>\n    <com.tom.model.paper.Option>\n      <alisa>D</alisa>\n      <text>不得在道路上骑独轮自行车或者2人以上骑行的自行车</text>\n    </com.tom.model.paper.Option>\n  </options>\n</com.tom.model.paper.QuestionMultipleChoice>'), ('c15301d6-35d7-427f-a72c-5b07d86e30a5', '9ef3867b-be99-459e-ad4a-79d1eabaa0ec', '3', '3', '', '1', '机动车在高速公路上发生故障时，在来车方向50至100米处设置警告标志。', 'N', '', 'admin', '2016-07-14 22:02:46', 'admin', '2016-07-14 22:02:46', '<com.tom.model.paper.QuestionJudgment>\n  <id>c15301d6-35d7-427f-a72c-5b07d86e30a5</id>\n  <type>3</type>\n  <content>机动车在高速公路上发生故障时，在来车方向50至100米处设置警告标志。</content>\n  <key>N</key>\n  <score>0</score>\n</com.tom.model.paper.QuestionJudgment>'), ('c595c912-17d1-4316-8d5c-3e51bdf7e933', '9ef3867b-be99-459e-ad4a-79d1eabaa0ec', '4', '3', '', '1', '行人在没有人行道的道路上行走，应当靠路的[BlankArea1]行走', '右边', '', 'admin', '2016-07-14 22:02:53', 'admin', '2016-07-14 22:02:53', '<com.tom.model.paper.QuestionBlankFill>\n  <id>c595c912-17d1-4316-8d5c-3e51bdf7e933</id>\n  <type>4</type>\n  <content>行人在没有人行道的道路上行走，应当靠路的[BlankArea1]行走</content>\n  <key></key>\n  <score>0</score>\n  <blanks>\n    <com.tom.model.paper.QBlank>\n      <id>1</id>\n      <name>BLANK1</name>\n      <value>右边</value>\n    </com.tom.model.paper.QBlank>\n  </blanks>\n  <isComplex>false</isComplex>\n</com.tom.model.paper.QuestionBlankFill>'), ('c6f898ac-6ac9-441f-8179-0780b3c1db22', '9ef3867b-be99-459e-ad4a-79d1eabaa0ec', '4', '3', '', '1', '行人不得[BlankArea1]道路隔离栏', '跨越', '', 'admin', '2016-07-14 22:02:53', 'admin', '2016-07-14 22:02:53', '<com.tom.model.paper.QuestionBlankFill>\n  <id>c6f898ac-6ac9-441f-8179-0780b3c1db22</id>\n  <type>4</type>\n  <content>行人不得[BlankArea1]道路隔离栏</content>\n  <key></key>\n  <score>0</score>\n  <blanks>\n    <com.tom.model.paper.QBlank>\n      <id>1</id>\n      <name>BLANK1</name>\n      <value>跨越</value>\n    </com.tom.model.paper.QBlank>\n  </blanks>\n  <isComplex>false</isComplex>\n</com.tom.model.paper.QuestionBlankFill>'), ('d0aaf4be-f05a-498d-a83b-35dfe41bfa49', '9ef3867b-be99-459e-ad4a-79d1eabaa0ec', '1', '3', '', '1', '饮酒后或者醉酒驾驶机动车发生重大交通事故构成犯罪的，依法追究刑事责任，吊销机动车驾驶证，将多少年内不得申请机动车驾驶证？', 'D', '', 'admin', '2016-07-14 22:02:36', 'admin', '2016-07-14 22:02:36', '<com.tom.model.paper.QuestionSingleChoice>\n  <id>d0aaf4be-f05a-498d-a83b-35dfe41bfa49</id>\n  <type>1</type>\n  <content>饮酒后或者醉酒驾驶机动车发生重大交通事故构成犯罪的，依法追究刑事责任，吊销机动车驾驶证，将多少年内不得申请机动车驾驶证？</content>\n  <key>D</key>\n  <score>0</score>\n  <options>\n    <com.tom.model.paper.Option>\n      <alisa>A</alisa>\n      <text>五年</text>\n    </com.tom.model.paper.Option>\n    <com.tom.model.paper.Option>\n      <alisa>B</alisa>\n      <text>十年</text>\n    </com.tom.model.paper.Option>\n    <com.tom.model.paper.Option>\n      <alisa>C</alisa>\n      <text>二十年</text>\n    </com.tom.model.paper.Option>\n    <com.tom.model.paper.Option>\n      <alisa>D</alisa>\n      <text>终生</text>\n    </com.tom.model.paper.Option>\n  </options>\n</com.tom.model.paper.QuestionSingleChoice>'), ('d28161c9-29ef-4bf6-94f4-588d2b7dcc68', '9ef3867b-be99-459e-ad4a-79d1eabaa0ec', '2', '3', '', '1', '下列哪几项属于交通信号：', 'ABD', '', 'admin', '2016-07-14 22:02:36', 'admin', '2016-07-14 22:02:36', '<com.tom.model.paper.QuestionMultipleChoice>\n  <id>d28161c9-29ef-4bf6-94f4-588d2b7dcc68</id>\n  <type>2</type>\n  <content>下列哪几项属于交通信号：</content>\n  <key>ABD</key>\n  <score>0</score>\n  <options>\n    <com.tom.model.paper.Option>\n      <alisa>A</alisa>\n      <text>交通信号灯</text>\n    </com.tom.model.paper.Option>\n    <com.tom.model.paper.Option>\n      <alisa>B</alisa>\n      <text>交通标志、交通标线</text>\n    </com.tom.model.paper.Option>\n    <com.tom.model.paper.Option>\n      <alisa>C</alisa>\n      <text>交通宣传广告</text>\n    </com.tom.model.paper.Option>\n    <com.tom.model.paper.Option>\n      <alisa>D</alisa>\n      <text>交通警察的指挥</text>\n    </com.tom.model.paper.Option>\n  </options>\n</com.tom.model.paper.QuestionMultipleChoice>'), ('e4f9a82d-1609-42ec-a659-73bcc9195c20', '9ef3867b-be99-459e-ad4a-79d1eabaa0ec', '5', '3', '', '1', '机动车发生交通事故造成人身伤亡、财产损失的，由保险公司在机动车第三者责任强制保险责任限额范围内予以赔偿;不足的部分，按照哪些规定承担赔偿责任？', '(一)机动车之间发生交通事故的，由有过错的一方承担赔偿责任;双方都有过错的，按照各自过错的比例分担责任。 (二)机动车与非机动车驾驶人、行人之间发生交通事故，非机动车驾驶人、行人没有过错的，由机动车一方承担赔偿责任;有证据证明非机动车驾驶人、行人有过错的，根据过错程度适当减轻机动车一方的赔偿责任;机动车一方没有过错的，承担不超过百分之十的赔偿责任。', '', 'admin', '2016-07-14 22:03:02', 'admin', '2016-07-14 22:03:02', '<com.tom.model.paper.QuestionEssay>\n  <id>e4f9a82d-1609-42ec-a659-73bcc9195c20</id>\n  <type>5</type>\n  <content>机动车发生交通事故造成人身伤亡、财产损失的，由保险公司在机动车第三者责任强制保险责任限额范围内予以赔偿;不足的部分，按照哪些规定承担赔偿责任？</content>\n  <key>(一)机动车之间发生交通事故的，由有过错的一方承担赔偿责任;双方都有过错的，按照各自过错的比例分担责任。 (二)机动车与非机动车驾驶人、行人之间发生交通事故，非机动车驾驶人、行人没有过错的，由机动车一方承担赔偿责任;有证据证明非机动车驾驶人、行人有过错的，根据过错程度适当减轻机动车一方的赔偿责任;机动车一方没有过错的，承担不超过百分之十的赔偿责任。</key>\n  <score>0</score>\n</com.tom.model.paper.QuestionEssay>'), ('e7e49e62-9efd-40db-9547-dc04ac25aad9', '9ef3867b-be99-459e-ad4a-79d1eabaa0ec', '5', '3', '', '1', '道路交通安全法规定哪些人和车辆不能进入高速公路？', '行人、非机动车、拖拉机、轮式专用机械车、铰接式客车、全挂拖斗车以及其他设计最高时速低于七十公里的机动车，不得进入高速公路。', '', 'admin', '2016-07-14 22:03:02', 'admin', '2016-07-14 22:03:02', '<com.tom.model.paper.QuestionEssay>\n  <id>e7e49e62-9efd-40db-9547-dc04ac25aad9</id>\n  <type>5</type>\n  <content>道路交通安全法规定哪些人和车辆不能进入高速公路？</content>\n  <key>行人、非机动车、拖拉机、轮式专用机械车、铰接式客车、全挂拖斗车以及其他设计最高时速低于七十公里的机动车，不得进入高速公路。</key>\n  <score>0</score>\n</com.tom.model.paper.QuestionEssay>'), ('f20a9f53-f4f3-4f04-b38e-cd6515a3cb9a', '9ef3867b-be99-459e-ad4a-79d1eabaa0ec', '4', '3', '', '1', '每年\"中小学生安全教育日\"是在[BlankArea1]。', '3月份最后一周的周一', '', 'admin', '2016-07-14 22:02:53', 'admin', '2016-07-14 22:02:53', '<com.tom.model.paper.QuestionBlankFill>\n  <id>f20a9f53-f4f3-4f04-b38e-cd6515a3cb9a</id>\n  <type>4</type>\n  <content>每年&quot;中小学生安全教育日&quot;是在[BlankArea1]。</content>\n  <key></key>\n  <score>0</score>\n  <blanks>\n    <com.tom.model.paper.QBlank>\n      <id>1</id>\n      <name>BLANK1</name>\n      <value>3月份最后一周的周一</value>\n    </com.tom.model.paper.QBlank>\n  </blanks>\n  <isComplex>false</isComplex>\n</com.tom.model.paper.QuestionBlankFill>'), ('f27ca2e4-c511-45df-afc7-6534c909190e', '9ef3867b-be99-459e-ad4a-79d1eabaa0ec', '1', '3', '', '1', '驾驶机动车在道路上向左变更车道时如何使用灯光？', 'C', '无论左转还有右转都得提前打灯告诉其他车你的意图，这样才比较安全。', 'admin', '2016-07-14 22:02:36', 'admin', '2016-07-14 22:02:36', '<com.tom.model.paper.QuestionSingleChoice>\n  <id>f27ca2e4-c511-45df-afc7-6534c909190e</id>\n  <type>1</type>\n  <content>驾驶机动车在道路上向左变更车道时如何使用灯光？</content>\n  <key>C</key>\n  <score>0</score>\n  <options>\n    <com.tom.model.paper.Option>\n      <alisa>A</alisa>\n      <text>提前开启右转向灯</text>\n    </com.tom.model.paper.Option>\n    <com.tom.model.paper.Option>\n      <alisa>B</alisa>\n      <text>不用开启转向灯</text>\n    </com.tom.model.paper.Option>\n    <com.tom.model.paper.Option>\n      <alisa>C</alisa>\n      <text>提前开启左转向灯</text>\n    </com.tom.model.paper.Option>\n    <com.tom.model.paper.Option>\n      <alisa>D</alisa>\n      <text>提前开启近光灯</text>\n    </com.tom.model.paper.Option>\n  </options>\n</com.tom.model.paper.QuestionSingleChoice>'), ('f44ed38b-0cf7-4e43-be9b-66a7eae15ee2', '9ef3867b-be99-459e-ad4a-79d1eabaa0ec', '4', '3', '', '1', '乘车人不得向[BlankArea1]抛洒物品，不得有[BlankArea2]驾驶人安全驾驶的行为', '车外,影响', '', 'admin', '2016-07-14 22:02:53', 'admin', '2016-07-14 22:02:53', '<com.tom.model.paper.QuestionBlankFill>\n  <id>f44ed38b-0cf7-4e43-be9b-66a7eae15ee2</id>\n  <type>4</type>\n  <content>乘车人不得向[BlankArea1]抛洒物品，不得有[BlankArea2]驾驶人安全驾驶的行为</content>\n  <key></key>\n  <score>0</score>\n  <blanks>\n    <com.tom.model.paper.QBlank>\n      <id>1</id>\n      <name>BLANK1</name>\n      <value>车外</value>\n    </com.tom.model.paper.QBlank>\n    <com.tom.model.paper.QBlank>\n      <id>2</id>\n      <name>BLANK2</name>\n      <value>影响</value>\n    </com.tom.model.paper.QBlank>\n  </blanks>\n  <isComplex>false</isComplex>\n</com.tom.model.paper.QuestionBlankFill>'), ('f5d68879-a9dd-438b-9389-cc1ec6c7fd6a', '9ef3867b-be99-459e-ad4a-79d1eabaa0ec', '2', '3', '', '1', '乘坐机动车应当遵守下列规定：', 'BCD', '', 'admin', '2016-07-14 22:02:36', 'admin', '2016-07-14 22:02:36', '<com.tom.model.paper.QuestionMultipleChoice>\n  <id>f5d68879-a9dd-438b-9389-cc1ec6c7fd6a</id>\n  <type>2</type>\n  <content>乘坐机动车应当遵守下列规定：</content>\n  <key>BCD</key>\n  <score>0</score>\n  <options>\n    <com.tom.model.paper.Option>\n      <alisa>A</alisa>\n      <text>乘坐两轮摩托车可以侧向骑坐</text>\n    </com.tom.model.paper.Option>\n    <com.tom.model.paper.Option>\n      <alisa>B</alisa>\n      <text>不得在机动车道上拦乘机动车</text>\n    </com.tom.model.paper.Option>\n    <com.tom.model.paper.Option>\n      <alisa>C</alisa>\n      <text>在机动车道上不得从机动车左侧上下车</text>\n    </com.tom.model.paper.Option>\n    <com.tom.model.paper.Option>\n      <alisa>D</alisa>\n      <text>开关车门不得妨碍其他车辆和行人通行</text>\n    </com.tom.model.paper.Option>\n  </options>\n</com.tom.model.paper.QuestionMultipleChoice>'), ('f8c27356-cf28-4d6b-9fbd-9dd355603711', '9ef3867b-be99-459e-ad4a-79d1eabaa0ec', '2', '3', '', '1', '在道路上发生交通事故，车辆驾驶人应当', 'ABC', '', 'admin', '2016-07-14 22:02:36', 'admin', '2016-07-14 22:02:36', '<com.tom.model.paper.QuestionMultipleChoice>\n  <id>f8c27356-cf28-4d6b-9fbd-9dd355603711</id>\n  <type>2</type>\n  <content>在道路上发生交通事故，车辆驾驶人应当</content>\n  <key>ABC</key>\n  <score>0</score>\n  <options>\n    <com.tom.model.paper.Option>\n      <alisa>A</alisa>\n      <text>立即停车</text>\n    </com.tom.model.paper.Option>\n    <com.tom.model.paper.Option>\n      <alisa>B</alisa>\n      <text>保护现场</text>\n    </com.tom.model.paper.Option>\n    <com.tom.model.paper.Option>\n      <alisa>C</alisa>\n      <text>抢救伤员</text>\n    </com.tom.model.paper.Option>\n    <com.tom.model.paper.Option>\n      <alisa>D</alisa>\n      <text>撤离现场，自行协商处理损害赔偿事宜</text>\n    </com.tom.model.paper.Option>\n  </options>\n</com.tom.model.paper.QuestionMultipleChoice>'), ('fba4649a-f6a4-4f53-921c-089b881dfd32', '9ef3867b-be99-459e-ad4a-79d1eabaa0ec', '1', '3', '', '1', '下面哪种做法能帮助您避免被其他车辆从后方追撞？', 'C', '其它三个选项，都不能给其它车辆明确的信号提示。', 'admin', '2016-07-14 22:02:36', 'admin', '2016-07-14 22:02:36', '<com.tom.model.paper.QuestionSingleChoice>\n  <id>fba4649a-f6a4-4f53-921c-089b881dfd32</id>\n  <type>1</type>\n  <content>下面哪种做法能帮助您避免被其他车辆从后方追撞？</content>\n  <key>C</key>\n  <score>0</score>\n  <options>\n    <com.tom.model.paper.Option>\n      <alisa>A</alisa>\n      <text>在任何时候都打开转向灯</text>\n    </com.tom.model.paper.Option>\n    <com.tom.model.paper.Option>\n      <alisa>B</alisa>\n      <text>一直打开双闪</text>\n    </com.tom.model.paper.Option>\n    <com.tom.model.paper.Option>\n      <alisa>C</alisa>\n      <text>在转弯前提前打开相应的转向灯</text>\n    </com.tom.model.paper.Option>\n    <com.tom.model.paper.Option>\n      <alisa>D</alisa>\n      <text>转弯前鸣笛示意</text>\n    </com.tom.model.paper.Option>\n  </options>\n</com.tom.model.paper.QuestionSingleChoice>'), ('ffd4e580-c453-4912-9767-38df2537f6ee', '9ef3867b-be99-459e-ad4a-79d1eabaa0ec', '2', '3', '', '1', '警车、消防车、救护车、工程救险车执行紧急任务时，可以使用警报器、标志灯具；在确保安全的前提下，不受（）的限制，其他车辆和行人应当让行。', 'ABCD', '', 'admin', '2016-07-14 22:02:36', 'admin', '2016-07-14 22:02:36', '<com.tom.model.paper.QuestionMultipleChoice>\n  <id>ffd4e580-c453-4912-9767-38df2537f6ee</id>\n  <type>2</type>\n  <content>警车、消防车、救护车、工程救险车执行紧急任务时，可以使用警报器、标志灯具；在确保安全的前提下，不受（）的限制，其他车辆和行人应当让行。</content>\n  <key>ABCD</key>\n  <score>0</score>\n  <options>\n    <com.tom.model.paper.Option>\n      <alisa>A</alisa>\n      <text>行驶路线</text>\n    </com.tom.model.paper.Option>\n    <com.tom.model.paper.Option>\n      <alisa>B</alisa>\n      <text>行驶方向</text>\n    </com.tom.model.paper.Option>\n    <com.tom.model.paper.Option>\n      <alisa>C</alisa>\n      <text>行驶速度</text>\n    </com.tom.model.paper.Option>\n    <com.tom.model.paper.Option>\n      <alisa>D</alisa>\n      <text>信号灯</text>\n    </com.tom.model.paper.Option>\n  </options>\n</com.tom.model.paper.QuestionMultipleChoice>');
COMMIT;

-- ----------------------------
--  Table structure for `tm_question_db`
-- ----------------------------
DROP TABLE IF EXISTS `tm_question_db`;
CREATE TABLE `tm_question_db` (
  `d_id` varchar(50) NOT NULL,
  `d_name` varchar(100) DEFAULT NULL,
  `d_logo` varchar(100) DEFAULT NULL,
  `d_status` int(2) DEFAULT NULL,
  `d_remark` varchar(200) DEFAULT NULL,
  `d_poster` varchar(50) DEFAULT NULL,
  `d_createdate` datetime DEFAULT NULL,
  `d_modifyor` varchar(50) DEFAULT NULL,
  `d_modifydate` datetime DEFAULT NULL,
  PRIMARY KEY (`d_id`)
) ENGINE=InnoDB DEFAULT CHARSET=utf8;

-- ----------------------------
--  Records of `tm_question_db`
-- ----------------------------
BEGIN;
INSERT INTO `tm_question_db` VALUES ('9ef3867b-be99-459e-ad4a-79d1eabaa0ec', '测试题库', '', '1', '测试题库', 'admin', '2016-07-14 22:02:30', 'admin', '2016-07-31 22:11:06');
COMMIT;

-- ----------------------------
--  Table structure for `tm_system_config`
-- ----------------------------
DROP TABLE IF EXISTS `tm_system_config`;
CREATE TABLE `tm_system_config` (
  `c_id` int(11) NOT NULL,
  `c_config` text,
  PRIMARY KEY (`c_id`)
) ENGINE=InnoDB DEFAULT CHARSET=utf8;

-- ----------------------------
--  Records of `tm_system_config`
-- ----------------------------
BEGIN;
INSERT INTO `tm_system_config` VALUES ('1', '<map>\n  <entry>\n    <string>sys_allow_register</string>\n    <string>allow</string>\n  </entry>\n  <entry>\n    <string>sys_lang</string>\n    <string>zh_CN</string>\n  </entry>\n  <entry>\n    <string>sys_sitename</string>\n    <string>员工培训考试系统</string>\n  </entry>\n  <entry>\n    <string>sys_allow_test</string>\n    <string>allow</string>\n  </entry>\n  <entry>\n    <string>sys_access_control</string>\n    <string>close</string>\n  </entry>\n  <entry>\n    <string>sys_allow_exam</string>\n    <string>allow</string>\n  </entry>\n  <entry>\n    <string>sys_access_ips</string>\n    <string>10.32.0.1</string>\n  </entry>\n  <entry>\n    <string>sys_allow_login</string>\n    <string>allow</string>\n  </entry>\n</map>'), ('2', 'UE83SS1ZT1JYLU1TQU8tVEJaUS1IMVI2');
COMMIT;

-- ----------------------------
--  Table structure for `tm_system_function_lib`
-- ----------------------------
DROP TABLE IF EXISTS `tm_system_function_lib`;
CREATE TABLE `tm_system_function_lib` (
  `f_code` varchar(50) DEFAULT NULL,
  `f_cname` varchar(50) DEFAULT NULL,
  `f_ename` varchar(50) DEFAULT NULL
) ENGINE=InnoDB DEFAULT CHARSET=utf8;

-- ----------------------------
--  Records of `tm_system_function_lib`
-- ----------------------------
BEGIN;
INSERT INTO `tm_system_function_lib` VALUES ('M-QDB', '题库管理', 'Question Bank Manage'), ('F-QDB', '题库管理', 'Question Bank Manage'), ('P-QDB-ADD', '增加题库', 'Add Question Bank'), ('P-QDB-DELETE', '删除题库', 'Delete Question Bank'), ('P-QDB-UPDATE', '修改题库', 'Modify Question Bank'), ('P-QDB-VIEW', '查看题库', 'View Question Bank'), ('F-QES', '试题管理', 'Question Manage'), ('P-QES-ADD', '增加试题', 'Add Question'), ('P-QES-DELETE', '删除试题', 'Delete Question'), ('P-QES-UPDATE', '修改试题', 'Modify Question'), ('P-QES-VIEW', '查看试题', 'View Question'), ('P-QES-IMPORT', '导入试题', 'Import Questions'), ('M-PAPER', '试题管理', 'Paper Manage'), ('F-PAPER', '试题管理', 'Paper Manage'), ('P-PAPER-ADD', '增加试卷', 'Add Paper'), ('P-PAPER-DELETE', '删除试卷', 'Delete Paper'), ('P-PAPER-UPDATE', '修改试卷', 'Modify Paper'), ('P-PAPER-VIEW', '查看试卷', 'View Paper'), ('P-PAPER-HISTORY-VIEW', '查看考试记录', 'View Exam History'), ('P-PAPER-HISTORY-CHECK', '批改考试记录', 'Check Exam History'), ('P-PAPER-HISTORY-REMOVE', '删除考试记录', 'Delete Exam History'), ('F-PAPER-CATE', '试题分类管理', 'Paper Category Manage'), ('P-PAPER-CATE-ADD', '增加试卷分类', 'Add Paper Category'), ('P-PAPER-CATE-DELETE', '删除试卷分类', 'Delete Paper Category'), ('P-PAPER-CATE-UPDATE', '修改试卷分类', 'Modify Paper Category'), ('P-PAPER-CATE-VIEW', '查看试卷分类', 'View Paper Category'), ('M-ANALYSIS', '数据分析', 'Data Analysis'), ('F-ANALYSIS', '数据分析', 'Data Analysis'), ('P-ANA-EXAM', '考试分析', 'Exam Analysis'), ('P-ANA-PAPER', '试卷分析', 'Paper Analysis'), ('P-ANA-SCORE', '成绩分析', 'Score Analysis'), ('M-USERS', '用户管理', 'User Manage'), ('F-USERS', '用户管理', 'User Manage'), ('P-USER-ADD', '增加用户', 'Add User'), ('P-USER-IMPORT', '批量导入用户', 'Import Users'), ('P-USER-DELETE', '删除用户', 'Delete User'), ('P-USER-UPDATE', '修改用户', 'Modify User'), ('P-USER-VIEW', '查看用户', 'View User'), ('P-USER-EXAMVIEW', '查看用户考试记录', 'View Exam History'), ('F-BRANCH', '用户部门管理', 'User Department Manage'), ('P-BRANCH-ADD', '增加用户部门', 'Add Department'), ('P-BRANCH-DELETE', '删除用户部门', 'Delete Department'), ('P-BRANCH-UPDATE', '修改用户部门', 'Modify Department'), ('P-BRANCH-VIEW', '查看用户部门', 'View Department'), ('F-UPOSITION', '用户职务管理', 'User Positions Manage'), ('P-UPOSITION-ADD', '增加用户职务', 'Add Position'), ('P-UPOSITION-DELETE', '删除用户职务', 'Delete Position'), ('P-UPOSITION-UPDATE', '修改用户职务', 'Modify Position'), ('P-UPOSITION-VIEW', '查看用户职务', 'View Position'), ('M-INTERACTION', '互动交流', 'Interaction and Communication'), ('F-NEWS', '文章管理', 'Article Manage'), ('P-NEWS-ADD', '增加文章', 'Add Article'), ('P-NEWS-DELETE', '删除文章', 'Delete Article'), ('P-NEWS-UPDATE', '修改文章', 'Modify Article'), ('P-NEWS-VIEW', '查看文章', 'View Article'), ('F-NEWSCATE', '文章分类管理', 'Article Category Manage'), ('P-NEWSCATE-ADD', '增加文章分类', 'Add Category'), ('P-NEWSCATE-DELETE', '删除文章分类', 'Delete Category'), ('P-NEWSCATE-UPDATE', '修改文章分类', 'Modify Category'), ('P-NEWSCATE-VIEW', '查看文章分类', 'View Category'), ('M-SYSTEM', '系统管理', 'System Manage'), ('F-SYS', '系统设置', 'System Config'), ('P-SYS-CONFIG', '系统参数设置', 'System Setting'), ('P-SYS-LOG', '查看系统日志', 'View System Logs'), ('F-ADMIN', '管理员管理', 'Administrators Manage'), ('P-ADMIN-ADD', '增加管理', 'Add Administrator'), ('P-ADMIN-DELETE', '删除管理员', 'Delete Administrator'), ('P-ADMIN-UPDATE', '修改管理员', 'Modify Administrator'), ('P-ADMIN-VIEW', '查看管理员', 'View Administrator'), ('F-ROLE', '管理员角色管理', 'Administrator Role Manage'), ('P-ROLE-ADD', '增加管理员角色', 'Add Role'), ('P-ROLE-DELETE', '删除管理员角色', 'Delete Role'), ('P-ROLE-UPDATE', '修改管理员角色', 'Modify Role'), ('P-ROLE-VIEW', '查看管理员角色', 'View Role'), ('M-OTHER', '其他权限', 'Others'), ('F-SUPER', '超级管理员 ', 'Super-Administrator'), ('P-OTH-SUPER', '超级管理员权限', 'Super-Administrator Privileges'), ('doLogin', '登录', 'Login'), ('doLogout', '登出', 'Logout'), ('updateProfile', '修改账户信息', 'Update Account'), ('M-LEARNING', '学习系统', 'Learning System'), ('F-COURSE', '课程管理', 'Course Manage'), ('P-COURSE-ADD', '增加课程', 'Add Course'), ('P-COURSE-DELETE', '删除课程', 'Delete Course'), ('P-COURSE-UPDATE', '修改课程', 'Modify Course'), ('P-COURSE-DATAVIEW', '查看课程数据', 'View Course Data'), ('F-COURSE-CATEGORY', '课程分类管理', 'Course Category Manage'), ('P-COURSE-CATEGORY-ADD', '增加课程分类', 'Add Category'), ('P-COURSE-CATEGORY-DELETE', '删除课程分类', 'Delete Category'), ('P-COURSE-CATEGORY-UPDATE', '修改课程分类', 'Modify Category'), ('F-COURSE-TEACHER', '课程讲师管理', 'Course Teacher Manage'), ('P-COURSE-TEACHER-ADD', '增加讲师', 'Add Teacher'), ('P-COURSE-TEACHER-DELETE', '删除讲师', 'Delete Teacher'), ('P-COURSE-TEACHER-UPDATE', '修改讲师', 'Modify Teacher'), ('P-PAPER-CLONE', '克隆试卷', 'Clone Paper'), ('P-PAPER-EXPORTWORD', '导出试卷', 'Export Paper');
COMMIT;

-- ----------------------------
--  Table structure for `tm_system_log`
-- ----------------------------
DROP TABLE IF EXISTS `tm_system_log`;
CREATE TABLE `tm_system_log` (
  `l_id` int(11) NOT NULL AUTO_INCREMENT,
  `l_usertype` int(11) DEFAULT NULL COMMENT '1管理员，2用户',
  `l_username` varchar(50) DEFAULT NULL,
  `l_action` varchar(50) DEFAULT NULL COMMENT '汉??说明，如：登录',
  `l_url` varchar(500) DEFAULT NULL,
  `l_logdate` datetime DEFAULT NULL,
  `l_logdesc` varchar(500) DEFAULT NULL,
  PRIMARY KEY (`l_id`)
) ENGINE=InnoDB AUTO_INCREMENT=1341 DEFAULT CHARSET=utf8;

-- ----------------------------
--  Records of `tm_system_log`
-- ----------------------------
BEGIN;
INSERT INTO `tm_system_log` VALUES ('1287', '1', 'admin', 'F-ROLE', '/system/role/list.thtml', '2017-02-25 23:56:40', 'true'), ('1288', '1', 'admin', 'F-ROLE', '/system/role/list.thtml', '2017-02-25 23:56:42', 'true'), ('1289', '1', 'admin', 'F-ROLE', '/system/role/list.thtml', '2017-02-25 23:56:43', 'true'), ('1290', '1', 'admin', 'doLogout', '/common/logout.do', '2017-02-25 23:56:48', '登出成功(logout_success)'), ('1291', '0', 'jiejie', 'doLogin', '/tomexam/common/login.do', '2017-05-17 09:43:29', '登录失败(login_failed),username=jiejie'), ('1292', '1', 'admin', 'doLogin', '/tomexam/common/login.do', '2017-05-17 09:43:40', '登录成功(login_success)'), ('1293', '1', 'admin', 'P-SYS-CONFIG', '/tomexam/system/config/list.thtml', '2017-05-17 09:43:44', 'true'), ('1294', '1', 'admin', 'P-SYS-CONFIG', '/tomexam/system/config/update.do', '2017-05-17 09:44:03', 'true'), ('1295', '1', 'admin', 'F-ROLE', '/tomexam/system/role/list.thtml', '2017-05-17 09:44:05', 'true'), ('1296', '1', 'admin', 'P-ROLE-UPDATE', '/tomexam/system/role/load.thtml?id=7e33ecad-b7c5-4b93-a4ff-b13f12a067be', '2017-05-17 09:44:08', 'true'), ('1297', '1', 'admin', 'P-ROLE-UPDATE', '/tomexam/system/role/update.do', '2017-05-17 09:44:32', 'true'), ('1298', '1', 'admin', 'P-ANA-PAPER', '/tomexam/system/analysis/paper/index.thtml', '2017-05-17 09:44:48', 'true'), ('1299', '1', 'admin', 'updateProfile', '/tomexam/system/profile/update.do', '2017-05-17 09:45:21', '修改管理员信息(update_admin_profile),result=1'), ('1300', '1', 'admin', 'P-QES-IMPORT', '/tomexam/system/question/import.thtml', '2017-05-17 09:45:26', 'true'), ('1301', '1', 'admin', 'P-PAPER-ADD', '/tomexam/system/paper/add.thtml', '2017-05-17 09:48:19', 'true'), ('1302', '1', 'admin', 'P-PAPER-ADD', '/tomexam/system/paper/fastadd.thtml', '2017-05-17 09:48:20', 'true'), ('1303', '1', 'admin', 'P-ANA-PAPER', '/tomexam/system/analysis/paper/index.thtml', '2017-05-17 09:48:26', 'true'), ('1304', '1', 'admin', 'P-ANA-EXAM', '/tomexam/system/analysis/exam/index.thtml', '2017-05-17 09:48:27', 'true'), ('1305', '1', 'admin', 'P-ANA-SCORE', '/tomexam/system/analysis/score/index.thtml', '2017-05-17 09:48:27', 'true'), ('1306', '1', 'admin', 'F-ANALYSIS', '/tomexam/system/analysis/paperlist.thtml', '2017-05-17 09:48:29', 'true'), ('1307', '1', 'admin', 'P-ANA-SCORE', '/tomexam/system/analysis/score/analyse.do', '2017-05-17 09:48:32', 'true'), ('1308', '1', 'admin', 'P-QDB-ADD', '/tomexam/system/qdb/add.thtml', '2017-05-17 09:50:57', 'true'), ('1309', '1', 'admin', 'F-QDB', '/tomexam/system/qdb/list.thtml', '2017-05-17 09:50:58', 'true'), ('1310', '1', 'admin', 'doLogin', '/tomexam/common/login.do', '2017-05-17 09:53:28', '登录成功(login_success)'), ('1311', '1', 'admin', 'P-QDB-ADD', '/tomexam/system/qdb/add.thtml', '2017-05-17 09:53:33', 'true'), ('1312', '1', 'admin', 'P-SYS-CONFIG', '/tomexam/system/config/list.thtml', '2017-05-17 09:53:47', 'true'), ('1313', '1', 'admin', 'F-ROLE', '/tomexam/system/role/list.thtml', '2017-05-17 09:53:51', 'true'), ('1314', '1', 'admin', 'P-ROLE-UPDATE', '/tomexam/system/role/load.thtml?id=7e33ecad-b7c5-4b93-a4ff-b13f12a067be', '2017-05-17 09:53:52', 'true'), ('1315', '1', 'admin', 'F-NEWS', '/tomexam/system/news/list.thtml', '2017-05-17 09:54:43', 'true'), ('1316', '1', 'admin', 'F-NEWS', '/tomexam/system/news/list.thtml', '2017-05-17 09:54:43', 'true'), ('1317', '1', 'admin', 'F-USERS', '/tomexam/system/user/list.thtml', '2017-05-17 09:54:46', 'true'), ('1318', '1', 'admin', 'P-USER-DELETE', '/tomexam/system/user/batchop.do', '2017-05-17 09:54:53', 'true'), ('1319', '1', 'admin', 'F-USERS', '/tomexam/system/user/list.thtml', '2017-05-17 09:54:55', 'true'), ('1320', '1', 'admin', 'P-USER-ADD', '/tomexam/system/user/add.thtml', '2017-05-17 09:54:58', 'true'), ('1321', '1', 'admin', 'P-USER-ADD', '/tomexam/system/user/save.do', '2017-05-17 09:55:17', 'true'), ('1322', '1', 'admin', 'F-USERS', '/tomexam/system/user/list.thtml', '2017-05-17 09:55:21', 'true'), ('1323', '1', 'admin', 'P-USER-UPDATE', '/tomexam/system/user/load.thtml?id=3509d6a1-a54c-41ca-a818-cd3182df3188', '2017-05-17 09:55:26', 'true'), ('1324', '1', 'admin', 'P-USER-UPDATE', '/tomexam/system/user/update.do', '2017-05-17 09:55:33', 'true'), ('1325', '1', 'admin', 'doLogout', '/tomexam/common/logout.do', '2017-05-17 09:56:16', '登出成功(logout_success)'), ('1326', '0', 'jiejie', 'doLogin', '/tomexam/common/login.do', '2017-05-17 09:56:25', '登录成功(login_success)'), ('1327', '0', 'jiejie', 'doLogout', '/tomexam/common/logout.do', '2017-05-17 09:57:31', '登出成功(logout_success)'), ('1328', '1', 'admin', 'doLogin', '/tomexam/common/login.do', '2017-05-17 09:57:44', '登录成功(login_success)'), ('1329', '1', 'admin', 'F-USERS', '/tomexam/system/user/list.thtml', '2017-05-17 09:57:48', 'true'), ('1330', '1', 'admin', 'F-BRANCH', '/tomexam/system/branch/list.thtml', '2017-05-17 09:57:51', 'true'), ('1331', '1', 'admin', 'P-BRANCH-UPDATE', '/tomexam/system/branch/load.thtml?id=827ea7bb-138d-425e-9fdf-13e97172b039', '2017-05-17 09:57:53', 'true'), ('1332', '1', 'admin', 'F-UPOSITION', '/tomexam/system/userposition/list.thtml', '2017-05-17 09:57:56', 'true'), ('1333', '1', 'admin', 'P-SYS-CONFIG', '/tomexam/system/config/list.thtml', '2017-05-17 09:58:03', 'true'), ('1334', '1', 'admin', 'P-SYS-CONFIG', '/tomexam/system/config/list.thtml', '2017-05-17 09:58:03', 'true'), ('1335', '1', 'admin', 'F-ADMIN', '/tomexam/system/admin/list.thtml', '2017-05-17 09:58:08', 'true'), ('1336', '1', 'admin', 'F-ADMIN', '/tomexam/system/admin/list.thtml', '2017-05-17 09:58:13', 'true'), ('1337', '1', 'admin', 'F-ROLE', '/tomexam/system/role/list.thtml', '2017-05-17 09:58:17', 'true'), ('1338', '0', 'jiejie', 'doLogin', '/tomexam/common/login.do', '2017-05-17 10:07:05', '用户验证码错误(verify_code_wrong)'), ('1339', '1', 'admin', 'doLogin', '/tomexam/common/login.do', '2017-05-17 10:07:09', '登录成功(login_success)'), ('1340', '0', 'jiejie', 'doLogin', '/tomexam/common/login.do', '2017-05-17 10:07:14', '登录成功(login_success)');
COMMIT;

-- ----------------------------
--  Table structure for `tm_user`
-- ----------------------------
DROP TABLE IF EXISTS `tm_user`;
CREATE TABLE `tm_user` (
  `u_id` varchar(50) NOT NULL,
  `u_username` varchar(50) DEFAULT NULL,
  `u_userpass` varchar(50) DEFAULT NULL,
  `u_photo` varchar(100) DEFAULT NULL,
  `u_branchid` varchar(50) DEFAULT NULL,
  `u_realname` varchar(50) DEFAULT NULL,
  `u_score` int(10) DEFAULT NULL,
  `u_no` varchar(50) DEFAULT NULL,
  `u_phone` varchar(50) DEFAULT NULL,
  `u_email` varchar(50) DEFAULT NULL,
  `u_status` int(2) DEFAULT NULL COMMENT '1正常，0待审核，-9已删除',
  `u_address` varchar(200) DEFAULT NULL,
  `u_remark` varchar(500) DEFAULT NULL,
  `u_salt` varchar(10) DEFAULT NULL,
  `u_regdate` datetime DEFAULT NULL,
  PRIMARY KEY (`u_id`),
  KEY `FK_ref_user_branch` (`u_branchid`)
) ENGINE=InnoDB DEFAULT CHARSET=utf8;

-- ----------------------------
--  Records of `tm_user`
-- ----------------------------
BEGIN;
INSERT INTO `tm_user` VALUES ('3509d6a1-a54c-41ca-a818-cd3182df3188', 'jiejie', 'FF5956DBFED6B659B517DE9CAD44169F', '', '827ea7bb-138d-425e-9fdf-13e97172b039', 'jiejie', '0', '', '', '', '1', '', '', 'mc8q8ful1e', '2017-05-17 09:55:17');
COMMIT;

-- ----------------------------
--  Table structure for `tm_user_addition`
-- ----------------------------
DROP TABLE IF EXISTS `tm_user_addition`;
CREATE TABLE `tm_user_addition` (
  `u_id` varchar(50) DEFAULT NULL,
  `u_logintimes` int(11) DEFAULT '0',
  `u_lastlogin` datetime DEFAULT NULL,
  `u_positionid` varchar(50) DEFAULT NULL,
  KEY `FK_ref_user_addtion` (`u_id`),
  CONSTRAINT `tm_user_addition_ibfk_1` FOREIGN KEY (`u_id`) REFERENCES `tm_user` (`u_id`) ON DELETE CASCADE ON UPDATE NO ACTION
) ENGINE=InnoDB DEFAULT CHARSET=utf8;

-- ----------------------------
--  Records of `tm_user_addition`
-- ----------------------------
BEGIN;
INSERT INTO `tm_user_addition` VALUES ('3509d6a1-a54c-41ca-a818-cd3182df3188', '2', '2017-05-17 10:07:14', '3da6a11e-c646-477a-bc4c-62c9856dcca0');
COMMIT;

-- ----------------------------
--  Table structure for `tm_user_collection`
-- ----------------------------
DROP TABLE IF EXISTS `tm_user_collection`;
CREATE TABLE `tm_user_collection` (
  `c_id` varchar(50) NOT NULL,
  `c_tid` varchar(50) DEFAULT NULL,
  `c_uid` varchar(50) DEFAULT NULL,
  `c_qid` varchar(50) DEFAULT NULL,
  `c_creatdate` datetime DEFAULT NULL,
  `c_userkey` text,
  `c_remark` text,
  PRIMARY KEY (`c_id`)
) ENGINE=InnoDB DEFAULT CHARSET=utf8;

-- ----------------------------
--  Table structure for `tm_user_collection_type`
-- ----------------------------
DROP TABLE IF EXISTS `tm_user_collection_type`;
CREATE TABLE `tm_user_collection_type` (
  `t_id` varchar(50) NOT NULL,
  `t_name` varchar(50) DEFAULT NULL,
  `t_uid` varchar(50) DEFAULT NULL,
  `t_createdate` datetime DEFAULT NULL,
  PRIMARY KEY (`t_id`)
) ENGINE=InnoDB DEFAULT CHARSET=utf8;

-- ----------------------------
--  Records of `tm_user_collection_type`
-- ----------------------------
BEGIN;
INSERT INTO `tm_user_collection_type` VALUES ('fd687290-fc13-43a1-8613-4d4408b73b6b', '0000', '4788c491-c279-4497-ba44-42b2443d7760', '2016-08-18 23:23:01');
COMMIT;

-- ----------------------------
--  Table structure for `tm_user_position`
-- ----------------------------
DROP TABLE IF EXISTS `tm_user_position`;
CREATE TABLE `tm_user_position` (
  `p_id` varchar(50) NOT NULL,
  `p_name` varchar(50) DEFAULT NULL,
  `p_remark` varchar(50) DEFAULT NULL,
  `p_status` int(2) DEFAULT NULL,
  `p_poster` varchar(50) DEFAULT NULL,
  `p_createdate` datetime DEFAULT NULL,
  `p_modifor` varchar(50) DEFAULT NULL,
  `p_modifydate` datetime DEFAULT NULL,
  PRIMARY KEY (`p_id`)
) ENGINE=InnoDB DEFAULT CHARSET=utf8;

-- ----------------------------
--  Records of `tm_user_position`
-- ----------------------------
BEGIN;
INSERT INTO `tm_user_position` VALUES ('3da6a11e-c646-477a-bc4c-62c9856dcca0', '测试职务', '测试职务', '1', 'admin', '2016-07-14 21:46:45', 'admin', '2016-07-14 21:46:45');
COMMIT;

-- ----------------------------
--  Table structure for `tm_usertest`
-- ----------------------------
DROP TABLE IF EXISTS `tm_usertest`;
CREATE TABLE `tm_usertest` (
  `t_tid` varchar(50) NOT NULL,
  `t_name` varchar(50) DEFAULT NULL,
  `t_duration` int(11) DEFAULT NULL,
  `t_uid` varchar(50) DEFAULT NULL,
  `t_totalscore` int(4) DEFAULT NULL,
  `t_userscore` int(4) DEFAULT NULL,
  `t_paper` longtext,
  `t_answer` longtext,
  `t_check` longtext,
  `t_testdate` datetime DEFAULT NULL,
  `t_timecost` int(11) DEFAULT NULL,
  PRIMARY KEY (`t_tid`)
) ENGINE=InnoDB DEFAULT CHARSET=utf8;

-- ----------------------------
--  Records of `tm_usertest`
-- ----------------------------
BEGIN;
INSERT INTO `tm_usertest` VALUES ('5076e391-414f-403b-9e05-89d1c6a5c816', '222', '2', '4788c491-c279-4497-ba44-42b2443d7760', '10', '4', '<com.tom.model.paper.Paper>\n  <id>0</id>\n  <name>222</name>\n  <status>1</status>\n  <duration>2</duration>\n  <totalscore>10</totalscore>\n  <passscore>0</passscore>\n  <ordertype>0</ordertype>\n  <papertype>2</papertype>\n  <remark></remark>\n  <sections>\n    <com.tom.model.paper.PaperSection>\n      <name>单选</name>\n      <remark></remark>\n      <id>0</id>\n      <questions>\n        <com.tom.model.paper.QuestionSingleChoice>\n          <id>68c584f9-d1a7-43cc-b325-d619c7385ec8</id>\n          <type>1</type>\n          <content>防抱死制动系统（ABS）在什么情况下可以最大限度发挥制动器效能?</content>\n          <key>C</key>\n          <score>1</score>\n          <options>\n            <com.tom.model.paper.Option>\n              <alisa>A</alisa>\n              <text>间歇制动</text>\n            </com.tom.model.paper.Option>\n            <com.tom.model.paper.Option>\n              <alisa>B</alisa>\n              <text>持续制动</text>\n            </com.tom.model.paper.Option>\n            <com.tom.model.paper.Option>\n              <alisa>C</alisa>\n              <text>紧急制动</text>\n            </com.tom.model.paper.Option>\n            <com.tom.model.paper.Option>\n              <alisa>D</alisa>\n              <text>缓踏制动踏板</text>\n            </com.tom.model.paper.Option>\n          </options>\n        </com.tom.model.paper.QuestionSingleChoice>\n        <com.tom.model.paper.QuestionSingleChoice>\n          <id>515c7c31-db05-4ee8-b802-7dca0bd08c8d</id>\n          <type>1</type>\n          <content>上道路行驶的机动车有哪种情形交通警察可依法扣留车辆？</content>\n          <key>A</key>\n          <score>1</score>\n          <options>\n            <com.tom.model.paper.Option>\n              <alisa>A</alisa>\n              <text>未放置检验合格标志</text>\n            </com.tom.model.paper.Option>\n            <com.tom.model.paper.Option>\n              <alisa>B</alisa>\n              <text>未携带身份证</text>\n            </com.tom.model.paper.Option>\n            <com.tom.model.paper.Option>\n              <alisa>C</alisa>\n              <text>未放置城市环保标志</text>\n            </com.tom.model.paper.Option>\n            <com.tom.model.paper.Option>\n              <alisa>D</alisa>\n              <text>未携带机动车登记证书</text>\n            </com.tom.model.paper.Option>\n          </options>\n        </com.tom.model.paper.QuestionSingleChoice>\n        <com.tom.model.paper.QuestionSingleChoice>\n          <id>f27ca2e4-c511-45df-afc7-6534c909190e</id>\n          <type>1</type>\n          <content>驾驶机动车在道路上向左变更车道时如何使用灯光？</content>\n          <key>C</key>\n          <score>1</score>\n          <options>\n            <com.tom.model.paper.Option>\n              <alisa>A</alisa>\n              <text>提前开启右转向灯</text>\n            </com.tom.model.paper.Option>\n            <com.tom.model.paper.Option>\n              <alisa>B</alisa>\n              <text>不用开启转向灯</text>\n            </com.tom.model.paper.Option>\n            <com.tom.model.paper.Option>\n              <alisa>C</alisa>\n              <text>提前开启左转向灯</text>\n            </com.tom.model.paper.Option>\n            <com.tom.model.paper.Option>\n              <alisa>D</alisa>\n              <text>提前开启近光灯</text>\n            </com.tom.model.paper.Option>\n          </options>\n        </com.tom.model.paper.QuestionSingleChoice>\n        <com.tom.model.paper.QuestionSingleChoice>\n          <id>3bab31fa-9676-49b7-b642-1b3098fc2819</id>\n          <type>1</type>\n          <content>湿滑路面制动过程中，发现车辆偏离方向，以下做法正确的是？</content>\n          <key>D</key>\n          <score>1</score>\n          <options>\n            <com.tom.model.paper.Option>\n              <alisa>A</alisa>\n              <text>任意踩制动踏板</text>\n            </com.tom.model.paper.Option>\n            <com.tom.model.paper.Option>\n              <alisa>B</alisa>\n              <text>连续轻踩轻放制动踏板</text>\n            </com.tom.model.paper.Option>\n            <com.tom.model.paper.Option>\n              <alisa>C</alisa>\n              <text>用力踩制动踏板</text>\n            </com.tom.model.paper.Option>\n            <com.tom.model.paper.Option>\n              <alisa>D</alisa>\n              <text>不要踩制动踏板</text>\n            </com.tom.model.paper.Option>\n          </options>\n        </com.tom.model.paper.QuestionSingleChoice>\n        <com.tom.model.paper.QuestionSingleChoice>\n          <id>1e65e7a9-2005-4cdf-9419-d14d4327ab8a</id>\n          <type>1</type>\n          <content>车辆在较窄的山路上行驶时，如果靠山体的一方不让行，应怎样做？</content>\n          <key>C</key>\n          <score>1</score>\n          <options>\n            <com.tom.model.paper.Option>\n              <alisa>A</alisa>\n              <text>鸣喇叭催其让行</text>\n            </com.tom.model.paper.Option>\n            <com.tom.model.paper.Option>\n              <alisa>B</alisa>\n              <text>保持正常车速行驶</text>\n            </com.tom.model.paper.Option>\n            <com.tom.model.paper.Option>\n              <alisa>C</alisa>\n              <text>提前减速或停车避让</text>\n            </com.tom.model.paper.Option>\n            <com.tom.model.paper.Option>\n              <alisa>D</alisa>\n              <text>向左占道，谨慎驶过</text>\n            </com.tom.model.paper.Option>\n          </options>\n        </com.tom.model.paper.QuestionSingleChoice>\n      </questions>\n      <rnum>0</rnum>\n      <rtype>0</rtype>\n      <rlevel>0</rlevel>\n      <rscore>0</rscore>\n    </com.tom.model.paper.PaperSection>\n    <com.tom.model.paper.PaperSection>\n      <name>多选</name>\n      <remark></remark>\n      <id>1</id>\n      <questions>\n        <com.tom.model.paper.QuestionMultipleChoice>\n          <id>aa55ff1e-e183-41aa-a830-b855d77382e2</id>\n          <type>2</type>\n          <content>驾驶非机动车，必须遵守哪些规定？</content>\n          <key>ABCD</key>\n          <score>1</score>\n          <options>\n            <com.tom.model.paper.Option>\n              <alisa>A</alisa>\n              <text>醉酒的人不准驾驶</text>\n            </com.tom.model.paper.Option>\n            <com.tom.model.paper.Option>\n              <alisa>B</alisa>\n              <text>丧失正常驾驶能力的残疾人不准驾驶（残疾人专用车除外）</text>\n            </com.tom.model.paper.Option>\n            <com.tom.model.paper.Option>\n              <alisa>C</alisa>\n              <text>未满十六岁的人，不准在道路上赶畜力车</text>\n            </com.tom.model.paper.Option>\n            <com.tom.model.paper.Option>\n              <alisa>D</alisa>\n              <text>未满十二岁的儿童，不准在道路上骑自行车、三轮车和推、拉人力车</text>\n            </com.tom.model.paper.Option>\n          </options>\n        </com.tom.model.paper.QuestionMultipleChoice>\n        <com.tom.model.paper.QuestionMultipleChoice>\n          <id>ffd4e580-c453-4912-9767-38df2537f6ee</id>\n          <type>2</type>\n          <content>警车、消防车、救护车、工程救险车执行紧急任务时，可以使用警报器、标志灯具；在确保安全的前提下，不受（）的限制，其他车辆和行人应当让行。</content>\n          <key>ABCD</key>\n          <score>1</score>\n          <options>\n            <com.tom.model.paper.Option>\n              <alisa>A</alisa>\n              <text>行驶路线</text>\n            </com.tom.model.paper.Option>\n            <com.tom.model.paper.Option>\n              <alisa>B</alisa>\n              <text>行驶方向</text>\n            </com.tom.model.paper.Option>\n            <com.tom.model.paper.Option>\n              <alisa>C</alisa>\n              <text>行驶速度</text>\n            </com.tom.model.paper.Option>\n            <com.tom.model.paper.Option>\n              <alisa>D</alisa>\n              <text>信号灯</text>\n            </com.tom.model.paper.Option>\n          </options>\n        </com.tom.model.paper.QuestionMultipleChoice>\n        <com.tom.model.paper.QuestionMultipleChoice>\n          <id>00be0845-acaa-4d32-a002-0f5f843b3575</id>\n          <type>2</type>\n          <content>行人不得有下列哪些行为：</content>\n          <key>ABC</key>\n          <score>1</score>\n          <options>\n            <com.tom.model.paper.Option>\n              <alisa>A</alisa>\n              <text>跨越、倚坐道路隔离设施</text>\n            </com.tom.model.paper.Option>\n            <com.tom.model.paper.Option>\n              <alisa>B</alisa>\n              <text>扒车、强行拦车</text>\n            </com.tom.model.paper.Option>\n            <com.tom.model.paper.Option>\n              <alisa>C</alisa>\n              <text>实施妨碍道路交通安全的其他行为</text>\n            </com.tom.model.paper.Option>\n            <com.tom.model.paper.Option>\n              <alisa>D</alisa>\n              <text>在人行道左侧行走</text>\n            </com.tom.model.paper.Option>\n          </options>\n        </com.tom.model.paper.QuestionMultipleChoice>\n        <com.tom.model.paper.QuestionMultipleChoice>\n          <id>f5d68879-a9dd-438b-9389-cc1ec6c7fd6a</id>\n          <type>2</type>\n          <content>乘坐机动车应当遵守下列规定：</content>\n          <key>BCD</key>\n          <score>1</score>\n          <options>\n            <com.tom.model.paper.Option>\n              <alisa>A</alisa>\n              <text>乘坐两轮摩托车可以侧向骑坐</text>\n            </com.tom.model.paper.Option>\n            <com.tom.model.paper.Option>\n              <alisa>B</alisa>\n              <text>不得在机动车道上拦乘机动车</text>\n            </com.tom.model.paper.Option>\n            <com.tom.model.paper.Option>\n              <alisa>C</alisa>\n              <text>在机动车道上不得从机动车左侧上下车</text>\n            </com.tom.model.paper.Option>\n            <com.tom.model.paper.Option>\n              <alisa>D</alisa>\n              <text>开关车门不得妨碍其他车辆和行人通行</text>\n            </com.tom.model.paper.Option>\n          </options>\n        </com.tom.model.paper.QuestionMultipleChoice>\n        <com.tom.model.paper.QuestionMultipleChoice>\n          <id>b26bccad-f138-4f67-bc32-85b4dc755579</id>\n          <type>2</type>\n          <content>在道路上驾驶自行车、电动自行车应当遵守下列规定：</content>\n          <key>ACD</key>\n          <score>1</score>\n          <options>\n            <com.tom.model.paper.Option>\n              <alisa>A</alisa>\n              <text>不得牵引、攀扶车辆或者被其他车辆牵引</text>\n            </com.tom.model.paper.Option>\n            <com.tom.model.paper.Option>\n              <alisa>B</alisa>\n              <text>不得双手离把但可以手中持物</text>\n            </com.tom.model.paper.Option>\n            <com.tom.model.paper.Option>\n              <alisa>C</alisa>\n              <text>不得扶身并行、互相追逐或者曲折竞驶</text>\n            </com.tom.model.paper.Option>\n            <com.tom.model.paper.Option>\n              <alisa>D</alisa>\n              <text>不得在道路上骑独轮自行车或者2人以上骑行的自行车</text>\n            </com.tom.model.paper.Option>\n          </options>\n        </com.tom.model.paper.QuestionMultipleChoice>\n      </questions>\n      <rnum>0</rnum>\n      <rtype>0</rtype>\n      <rlevel>0</rlevel>\n      <rscore>0</rscore>\n    </com.tom.model.paper.PaperSection>\n  </sections>\n</com.tom.model.paper.Paper>', '{\"Q-f27ca2e4-c511-45df-afc7-6534c909190e\":\"C\",\"Q-aa55ff1e-e183-41aa-a830-b855d77382e2\":\"A,B,C,D\",\"Q-515c7c31-db05-4ee8-b802-7dca0bd08c8d\":\"D\",\"Q-68c584f9-d1a7-43cc-b325-d619c7385ec8\":\"C\",\"Q-3bab31fa-9676-49b7-b642-1b3098fc2819\":\"D\",\"Q-ffd4e580-c453-4912-9767-38df2537f6ee\":\"A,B,C\"}', '{\"Q-68c584f9-d1a7-43cc-b325-d619c7385ec8\":1,\"Q-515c7c31-db05-4ee8-b802-7dca0bd08c8d\":0,\"Q-f27ca2e4-c511-45df-afc7-6534c909190e\":1,\"Q-3bab31fa-9676-49b7-b642-1b3098fc2819\":1,\"Q-1e65e7a9-2005-4cdf-9419-d14d4327ab8a\":0,\"Q-aa55ff1e-e183-41aa-a830-b855d77382e2\":1,\"Q-ffd4e580-c453-4912-9767-38df2537f6ee\":0,\"Q-00be0845-acaa-4d32-a002-0f5f843b3575\":0,\"Q-f5d68879-a9dd-438b-9389-cc1ec6c7fd6a\":0,\"Q-b26bccad-f138-4f67-bc32-85b4dc755579\":0}', '2016-08-20 00:17:16', '2'), ('a258f3e4-e49e-45e0-9f4e-dd2fa9e13201', '111111111111111111111111111111', '1', '4788c491-c279-4497-ba44-42b2443d7760', '10', '1', '<com.tom.model.paper.Paper>\n  <id>0</id>\n  <name>111111111111111111111111111111</name>\n  <status>1</status>\n  <duration>1</duration>\n  <totalscore>10</totalscore>\n  <passscore>0</passscore>\n  <ordertype>0</ordertype>\n  <papertype>2</papertype>\n  <remark></remark>\n  <sections>\n    <com.tom.model.paper.PaperSection>\n      <name>1111</name>\n      <remark></remark>\n      <id>0</id>\n      <questions>\n        <com.tom.model.paper.QuestionSingleChoice>\n          <id>422d18ce-2092-4f6c-a8e9-b0971421e65b</id>\n          <type>1</type>\n          <content>醉酒驾驶机动车在道路上行驶会受到什么处罚？</content>\n          <key>C</key>\n          <score>1</score>\n          <options>\n            <com.tom.model.paper.Option>\n              <alisa>A</alisa>\n              <text>处管制，并处罚金</text>\n            </com.tom.model.paper.Option>\n            <com.tom.model.paper.Option>\n              <alisa>B</alisa>\n              <text>处2年以上徒刑</text>\n            </com.tom.model.paper.Option>\n            <com.tom.model.paper.Option>\n              <alisa>C</alisa>\n              <text>处拘役，并处罚金</text>\n            </com.tom.model.paper.Option>\n            <com.tom.model.paper.Option>\n              <alisa>D</alisa>\n              <text>处2年以下徒刑</text>\n            </com.tom.model.paper.Option>\n          </options>\n        </com.tom.model.paper.QuestionSingleChoice>\n        <com.tom.model.paper.QuestionSingleChoice>\n          <id>d0aaf4be-f05a-498d-a83b-35dfe41bfa49</id>\n          <type>1</type>\n          <content>饮酒后或者醉酒驾驶机动车发生重大交通事故构成犯罪的，依法追究刑事责任，吊销机动车驾驶证，将多少年内不得申请机动车驾驶证？</content>\n          <key>D</key>\n          <score>1</score>\n          <options>\n            <com.tom.model.paper.Option>\n              <alisa>A</alisa>\n              <text>五年</text>\n            </com.tom.model.paper.Option>\n            <com.tom.model.paper.Option>\n              <alisa>B</alisa>\n              <text>十年</text>\n            </com.tom.model.paper.Option>\n            <com.tom.model.paper.Option>\n              <alisa>C</alisa>\n              <text>二十年</text>\n            </com.tom.model.paper.Option>\n            <com.tom.model.paper.Option>\n              <alisa>D</alisa>\n              <text>终生</text>\n            </com.tom.model.paper.Option>\n          </options>\n        </com.tom.model.paper.QuestionSingleChoice>\n        <com.tom.model.paper.QuestionSingleChoice>\n          <id>515c7c31-db05-4ee8-b802-7dca0bd08c8d</id>\n          <type>1</type>\n          <content>上道路行驶的机动车有哪种情形交通警察可依法扣留车辆？</content>\n          <key>A</key>\n          <score>1</score>\n          <options>\n            <com.tom.model.paper.Option>\n              <alisa>A</alisa>\n              <text>未放置检验合格标志</text>\n            </com.tom.model.paper.Option>\n            <com.tom.model.paper.Option>\n              <alisa>B</alisa>\n              <text>未携带身份证</text>\n            </com.tom.model.paper.Option>\n            <com.tom.model.paper.Option>\n              <alisa>C</alisa>\n              <text>未放置城市环保标志</text>\n            </com.tom.model.paper.Option>\n            <com.tom.model.paper.Option>\n              <alisa>D</alisa>\n              <text>未携带机动车登记证书</text>\n            </com.tom.model.paper.Option>\n          </options>\n        </com.tom.model.paper.QuestionSingleChoice>\n        <com.tom.model.paper.QuestionSingleChoice>\n          <id>246297ee-d1a5-41d0-adaa-b14d517d97a9</id>\n          <type>1</type>\n          <content>遇到前方车辆停车排队或者缓慢行驶时，强行穿插，以下说法正确的是什么？</content>\n          <key>D</key>\n          <score>1</score>\n          <options>\n            <com.tom.model.paper.Option>\n              <alisa>A</alisa>\n              <text>允许,因为可以省油</text>\n            </com.tom.model.paper.Option>\n            <com.tom.model.paper.Option>\n              <alisa>B</alisa>\n              <text>允许,因为可以快速地通过拥堵区</text>\n            </com.tom.model.paper.Option>\n            <com.tom.model.paper.Option>\n              <alisa>C</alisa>\n              <text>禁止,因为这样不利于省油</text>\n            </com.tom.model.paper.Option>\n            <com.tom.model.paper.Option>\n              <alisa>D</alisa>\n              <text>禁止,因为这样扰乱车流,加重拥堵</text>\n            </com.tom.model.paper.Option>\n          </options>\n        </com.tom.model.paper.QuestionSingleChoice>\n        <com.tom.model.paper.QuestionSingleChoice>\n          <id>68c584f9-d1a7-43cc-b325-d619c7385ec8</id>\n          <type>1</type>\n          <content>防抱死制动系统（ABS）在什么情况下可以最大限度发挥制动器效能?</content>\n          <key>C</key>\n          <score>1</score>\n          <options>\n            <com.tom.model.paper.Option>\n              <alisa>A</alisa>\n              <text>间歇制动</text>\n            </com.tom.model.paper.Option>\n            <com.tom.model.paper.Option>\n              <alisa>B</alisa>\n              <text>持续制动</text>\n            </com.tom.model.paper.Option>\n            <com.tom.model.paper.Option>\n              <alisa>C</alisa>\n              <text>紧急制动</text>\n            </com.tom.model.paper.Option>\n            <com.tom.model.paper.Option>\n              <alisa>D</alisa>\n              <text>缓踏制动踏板</text>\n            </com.tom.model.paper.Option>\n          </options>\n        </com.tom.model.paper.QuestionSingleChoice>\n        <com.tom.model.paper.QuestionSingleChoice>\n          <id>3bab31fa-9676-49b7-b642-1b3098fc2819</id>\n          <type>1</type>\n          <content>湿滑路面制动过程中，发现车辆偏离方向，以下做法正确的是？</content>\n          <key>D</key>\n          <score>1</score>\n          <options>\n            <com.tom.model.paper.Option>\n              <alisa>A</alisa>\n              <text>任意踩制动踏板</text>\n            </com.tom.model.paper.Option>\n            <com.tom.model.paper.Option>\n              <alisa>B</alisa>\n              <text>连续轻踩轻放制动踏板</text>\n            </com.tom.model.paper.Option>\n            <com.tom.model.paper.Option>\n              <alisa>C</alisa>\n              <text>用力踩制动踏板</text>\n            </com.tom.model.paper.Option>\n            <com.tom.model.paper.Option>\n              <alisa>D</alisa>\n              <text>不要踩制动踏板</text>\n            </com.tom.model.paper.Option>\n          </options>\n        </com.tom.model.paper.QuestionSingleChoice>\n        <com.tom.model.paper.QuestionSingleChoice>\n          <id>f27ca2e4-c511-45df-afc7-6534c909190e</id>\n          <type>1</type>\n          <content>驾驶机动车在道路上向左变更车道时如何使用灯光？</content>\n          <key>C</key>\n          <score>1</score>\n          <options>\n            <com.tom.model.paper.Option>\n              <alisa>A</alisa>\n              <text>提前开启右转向灯</text>\n            </com.tom.model.paper.Option>\n            <com.tom.model.paper.Option>\n              <alisa>B</alisa>\n              <text>不用开启转向灯</text>\n            </com.tom.model.paper.Option>\n            <com.tom.model.paper.Option>\n              <alisa>C</alisa>\n              <text>提前开启左转向灯</text>\n            </com.tom.model.paper.Option>\n            <com.tom.model.paper.Option>\n              <alisa>D</alisa>\n              <text>提前开启近光灯</text>\n            </com.tom.model.paper.Option>\n          </options>\n        </com.tom.model.paper.QuestionSingleChoice>\n        <com.tom.model.paper.QuestionSingleChoice>\n          <id>1e65e7a9-2005-4cdf-9419-d14d4327ab8a</id>\n          <type>1</type>\n          <content>车辆在较窄的山路上行驶时，如果靠山体的一方不让行，应怎样做？</content>\n          <key>C</key>\n          <score>1</score>\n          <options>\n            <com.tom.model.paper.Option>\n              <alisa>A</alisa>\n              <text>鸣喇叭催其让行</text>\n            </com.tom.model.paper.Option>\n            <com.tom.model.paper.Option>\n              <alisa>B</alisa>\n              <text>保持正常车速行驶</text>\n            </com.tom.model.paper.Option>\n            <com.tom.model.paper.Option>\n              <alisa>C</alisa>\n              <text>提前减速或停车避让</text>\n            </com.tom.model.paper.Option>\n            <com.tom.model.paper.Option>\n              <alisa>D</alisa>\n              <text>向左占道，谨慎驶过</text>\n            </com.tom.model.paper.Option>\n          </options>\n        </com.tom.model.paper.QuestionSingleChoice>\n        <com.tom.model.paper.QuestionSingleChoice>\n          <id>2d58eee2-33e0-4334-8259-9a16c23f6832</id>\n          <type>1</type>\n          <content>驾驶的车辆正在被其他车辆超越时，若此时后方有跟随行驶的车辆，应怎样做？</content>\n          <key>B</key>\n          <score>1</score>\n          <options>\n            <com.tom.model.paper.Option>\n              <alisa>A</alisa>\n              <text>继续加速行驶</text>\n            </com.tom.model.paper.Option>\n            <com.tom.model.paper.Option>\n              <alisa>B</alisa>\n              <text>稍向右侧行驶，保证横向安全距离</text>\n            </com.tom.model.paper.Option>\n            <com.tom.model.paper.Option>\n              <alisa>C</alisa>\n              <text>靠道路中心行驶</text>\n            </com.tom.model.paper.Option>\n            <com.tom.model.paper.Option>\n              <alisa>D</alisa>\n              <text>加速向右侧让路</text>\n            </com.tom.model.paper.Option>\n          </options>\n        </com.tom.model.paper.QuestionSingleChoice>\n        <com.tom.model.paper.QuestionSingleChoice>\n          <id>fba4649a-f6a4-4f53-921c-089b881dfd32</id>\n          <type>1</type>\n          <content>下面哪种做法能帮助您避免被其他车辆从后方追撞？</content>\n          <key>C</key>\n          <score>1</score>\n          <options>\n            <com.tom.model.paper.Option>\n              <alisa>A</alisa>\n              <text>在任何时候都打开转向灯</text>\n            </com.tom.model.paper.Option>\n            <com.tom.model.paper.Option>\n              <alisa>B</alisa>\n              <text>一直打开双闪</text>\n            </com.tom.model.paper.Option>\n            <com.tom.model.paper.Option>\n              <alisa>C</alisa>\n              <text>在转弯前提前打开相应的转向灯</text>\n            </com.tom.model.paper.Option>\n            <com.tom.model.paper.Option>\n              <alisa>D</alisa>\n              <text>转弯前鸣笛示意</text>\n            </com.tom.model.paper.Option>\n          </options>\n        </com.tom.model.paper.QuestionSingleChoice>\n      </questions>\n      <rnum>0</rnum>\n      <rtype>0</rtype>\n      <rlevel>0</rlevel>\n      <rscore>0</rscore>\n    </com.tom.model.paper.PaperSection>\n  </sections>\n</com.tom.model.paper.Paper>', '{\"Q-422d18ce-2092-4f6c-a8e9-b0971421e65b\":\"D\",\"Q-d0aaf4be-f05a-498d-a83b-35dfe41bfa49\":\"D\"}', '{\"Q-422d18ce-2092-4f6c-a8e9-b0971421e65b\":0,\"Q-d0aaf4be-f05a-498d-a83b-35dfe41bfa49\":1,\"Q-515c7c31-db05-4ee8-b802-7dca0bd08c8d\":0,\"Q-246297ee-d1a5-41d0-adaa-b14d517d97a9\":0,\"Q-68c584f9-d1a7-43cc-b325-d619c7385ec8\":0,\"Q-3bab31fa-9676-49b7-b642-1b3098fc2819\":0,\"Q-f27ca2e4-c511-45df-afc7-6534c909190e\":0,\"Q-1e65e7a9-2005-4cdf-9419-d14d4327ab8a\":0,\"Q-2d58eee2-33e0-4334-8259-9a16c23f6832\":0,\"Q-fba4649a-f6a4-4f53-921c-089b881dfd32\":0}', '2016-08-20 00:23:45', '1'), ('bf181426-5fbf-4078-aee2-48bce730bf26', '随机', '3', '4788c491-c279-4497-ba44-42b2443d7760', '10', '8', '<com.tom.model.paper.Paper>\n  <id>0</id>\n  <name>随机</name>\n  <status>1</status>\n  <duration>3</duration>\n  <totalscore>10</totalscore>\n  <passscore>0</passscore>\n  <ordertype>0</ordertype>\n  <papertype>2</papertype>\n  <remark></remark>\n  <sections>\n    <com.tom.model.paper.PaperSection>\n      <name>1111</name>\n      <remark>111</remark>\n      <id>0</id>\n      <questions>\n        <com.tom.model.paper.QuestionSingleChoice>\n          <id>515c7c31-db05-4ee8-b802-7dca0bd08c8d</id>\n          <type>1</type>\n          <content>上道路行驶的机动车有哪种情形交通警察可依法扣留车辆？</content>\n          <key>A</key>\n          <score>1</score>\n          <options>\n            <com.tom.model.paper.Option>\n              <alisa>A</alisa>\n              <text>未放置检验合格标志</text>\n            </com.tom.model.paper.Option>\n            <com.tom.model.paper.Option>\n              <alisa>B</alisa>\n              <text>未携带身份证</text>\n            </com.tom.model.paper.Option>\n            <com.tom.model.paper.Option>\n              <alisa>C</alisa>\n              <text>未放置城市环保标志</text>\n            </com.tom.model.paper.Option>\n            <com.tom.model.paper.Option>\n              <alisa>D</alisa>\n              <text>未携带机动车登记证书</text>\n            </com.tom.model.paper.Option>\n          </options>\n        </com.tom.model.paper.QuestionSingleChoice>\n        <com.tom.model.paper.QuestionSingleChoice>\n          <id>1e65e7a9-2005-4cdf-9419-d14d4327ab8a</id>\n          <type>1</type>\n          <content>车辆在较窄的山路上行驶时，如果靠山体的一方不让行，应怎样做？</content>\n          <key>C</key>\n          <score>1</score>\n          <options>\n            <com.tom.model.paper.Option>\n              <alisa>A</alisa>\n              <text>鸣喇叭催其让行</text>\n            </com.tom.model.paper.Option>\n            <com.tom.model.paper.Option>\n              <alisa>B</alisa>\n              <text>保持正常车速行驶</text>\n            </com.tom.model.paper.Option>\n            <com.tom.model.paper.Option>\n              <alisa>C</alisa>\n              <text>提前减速或停车避让</text>\n            </com.tom.model.paper.Option>\n            <com.tom.model.paper.Option>\n              <alisa>D</alisa>\n              <text>向左占道，谨慎驶过</text>\n            </com.tom.model.paper.Option>\n          </options>\n        </com.tom.model.paper.QuestionSingleChoice>\n        <com.tom.model.paper.QuestionSingleChoice>\n          <id>3bab31fa-9676-49b7-b642-1b3098fc2819</id>\n          <type>1</type>\n          <content>湿滑路面制动过程中，发现车辆偏离方向，以下做法正确的是？</content>\n          <key>D</key>\n          <score>1</score>\n          <options>\n            <com.tom.model.paper.Option>\n              <alisa>A</alisa>\n              <text>任意踩制动踏板</text>\n            </com.tom.model.paper.Option>\n            <com.tom.model.paper.Option>\n              <alisa>B</alisa>\n              <text>连续轻踩轻放制动踏板</text>\n            </com.tom.model.paper.Option>\n            <com.tom.model.paper.Option>\n              <alisa>C</alisa>\n              <text>用力踩制动踏板</text>\n            </com.tom.model.paper.Option>\n            <com.tom.model.paper.Option>\n              <alisa>D</alisa>\n              <text>不要踩制动踏板</text>\n            </com.tom.model.paper.Option>\n          </options>\n        </com.tom.model.paper.QuestionSingleChoice>\n        <com.tom.model.paper.QuestionSingleChoice>\n          <id>d0aaf4be-f05a-498d-a83b-35dfe41bfa49</id>\n          <type>1</type>\n          <content>饮酒后或者醉酒驾驶机动车发生重大交通事故构成犯罪的，依法追究刑事责任，吊销机动车驾驶证，将多少年内不得申请机动车驾驶证？</content>\n          <key>D</key>\n          <score>1</score>\n          <options>\n            <com.tom.model.paper.Option>\n              <alisa>A</alisa>\n              <text>五年</text>\n            </com.tom.model.paper.Option>\n            <com.tom.model.paper.Option>\n              <alisa>B</alisa>\n              <text>十年</text>\n            </com.tom.model.paper.Option>\n            <com.tom.model.paper.Option>\n              <alisa>C</alisa>\n              <text>二十年</text>\n            </com.tom.model.paper.Option>\n            <com.tom.model.paper.Option>\n              <alisa>D</alisa>\n              <text>终生</text>\n            </com.tom.model.paper.Option>\n          </options>\n        </com.tom.model.paper.QuestionSingleChoice>\n        <com.tom.model.paper.QuestionSingleChoice>\n          <id>68c584f9-d1a7-43cc-b325-d619c7385ec8</id>\n          <type>1</type>\n          <content>防抱死制动系统（ABS）在什么情况下可以最大限度发挥制动器效能?</content>\n          <key>C</key>\n          <score>1</score>\n          <options>\n            <com.tom.model.paper.Option>\n              <alisa>A</alisa>\n              <text>间歇制动</text>\n            </com.tom.model.paper.Option>\n            <com.tom.model.paper.Option>\n              <alisa>B</alisa>\n              <text>持续制动</text>\n            </com.tom.model.paper.Option>\n            <com.tom.model.paper.Option>\n              <alisa>C</alisa>\n              <text>紧急制动</text>\n            </com.tom.model.paper.Option>\n            <com.tom.model.paper.Option>\n              <alisa>D</alisa>\n              <text>缓踏制动踏板</text>\n            </com.tom.model.paper.Option>\n          </options>\n        </com.tom.model.paper.QuestionSingleChoice>\n        <com.tom.model.paper.QuestionSingleChoice>\n          <id>2d58eee2-33e0-4334-8259-9a16c23f6832</id>\n          <type>1</type>\n          <content>驾驶的车辆正在被其他车辆超越时，若此时后方有跟随行驶的车辆，应怎样做？</content>\n          <key>B</key>\n          <score>1</score>\n          <options>\n            <com.tom.model.paper.Option>\n              <alisa>A</alisa>\n              <text>继续加速行驶</text>\n            </com.tom.model.paper.Option>\n            <com.tom.model.paper.Option>\n              <alisa>B</alisa>\n              <text>稍向右侧行驶，保证横向安全距离</text>\n            </com.tom.model.paper.Option>\n            <com.tom.model.paper.Option>\n              <alisa>C</alisa>\n              <text>靠道路中心行驶</text>\n            </com.tom.model.paper.Option>\n            <com.tom.model.paper.Option>\n              <alisa>D</alisa>\n              <text>加速向右侧让路</text>\n            </com.tom.model.paper.Option>\n          </options>\n        </com.tom.model.paper.QuestionSingleChoice>\n        <com.tom.model.paper.QuestionSingleChoice>\n          <id>fba4649a-f6a4-4f53-921c-089b881dfd32</id>\n          <type>1</type>\n          <content>下面哪种做法能帮助您避免被其他车辆从后方追撞？</content>\n          <key>C</key>\n          <score>1</score>\n          <options>\n            <com.tom.model.paper.Option>\n              <alisa>A</alisa>\n              <text>在任何时候都打开转向灯</text>\n            </com.tom.model.paper.Option>\n            <com.tom.model.paper.Option>\n              <alisa>B</alisa>\n              <text>一直打开双闪</text>\n            </com.tom.model.paper.Option>\n            <com.tom.model.paper.Option>\n              <alisa>C</alisa>\n              <text>在转弯前提前打开相应的转向灯</text>\n            </com.tom.model.paper.Option>\n            <com.tom.model.paper.Option>\n              <alisa>D</alisa>\n              <text>转弯前鸣笛示意</text>\n            </com.tom.model.paper.Option>\n          </options>\n        </com.tom.model.paper.QuestionSingleChoice>\n        <com.tom.model.paper.QuestionSingleChoice>\n          <id>422d18ce-2092-4f6c-a8e9-b0971421e65b</id>\n          <type>1</type>\n          <content>醉酒驾驶机动车在道路上行驶会受到什么处罚？</content>\n          <key>C</key>\n          <score>1</score>\n          <options>\n            <com.tom.model.paper.Option>\n              <alisa>A</alisa>\n              <text>处管制，并处罚金</text>\n            </com.tom.model.paper.Option>\n            <com.tom.model.paper.Option>\n              <alisa>B</alisa>\n              <text>处2年以上徒刑</text>\n            </com.tom.model.paper.Option>\n            <com.tom.model.paper.Option>\n              <alisa>C</alisa>\n              <text>处拘役，并处罚金</text>\n            </com.tom.model.paper.Option>\n            <com.tom.model.paper.Option>\n              <alisa>D</alisa>\n              <text>处2年以下徒刑</text>\n            </com.tom.model.paper.Option>\n          </options>\n        </com.tom.model.paper.QuestionSingleChoice>\n        <com.tom.model.paper.QuestionSingleChoice>\n          <id>f27ca2e4-c511-45df-afc7-6534c909190e</id>\n          <type>1</type>\n          <content>驾驶机动车在道路上向左变更车道时如何使用灯光？</content>\n          <key>C</key>\n          <score>1</score>\n          <options>\n            <com.tom.model.paper.Option>\n              <alisa>A</alisa>\n              <text>提前开启右转向灯</text>\n            </com.tom.model.paper.Option>\n            <com.tom.model.paper.Option>\n              <alisa>B</alisa>\n              <text>不用开启转向灯</text>\n            </com.tom.model.paper.Option>\n            <com.tom.model.paper.Option>\n              <alisa>C</alisa>\n              <text>提前开启左转向灯</text>\n            </com.tom.model.paper.Option>\n            <com.tom.model.paper.Option>\n              <alisa>D</alisa>\n              <text>提前开启近光灯</text>\n            </com.tom.model.paper.Option>\n          </options>\n        </com.tom.model.paper.QuestionSingleChoice>\n        <com.tom.model.paper.QuestionSingleChoice>\n          <id>246297ee-d1a5-41d0-adaa-b14d517d97a9</id>\n          <type>1</type>\n          <content>遇到前方车辆停车排队或者缓慢行驶时，强行穿插，以下说法正确的是什么？</content>\n          <key>D</key>\n          <score>1</score>\n          <options>\n            <com.tom.model.paper.Option>\n              <alisa>A</alisa>\n              <text>允许,因为可以省油</text>\n            </com.tom.model.paper.Option>\n            <com.tom.model.paper.Option>\n              <alisa>B</alisa>\n              <text>允许,因为可以快速地通过拥堵区</text>\n            </com.tom.model.paper.Option>\n            <com.tom.model.paper.Option>\n              <alisa>C</alisa>\n              <text>禁止,因为这样不利于省油</text>\n            </com.tom.model.paper.Option>\n            <com.tom.model.paper.Option>\n              <alisa>D</alisa>\n              <text>禁止,因为这样扰乱车流,加重拥堵</text>\n            </com.tom.model.paper.Option>\n          </options>\n        </com.tom.model.paper.QuestionSingleChoice>\n      </questions>\n      <rnum>0</rnum>\n      <rtype>0</rtype>\n      <rlevel>0</rlevel>\n      <rscore>0</rscore>\n    </com.tom.model.paper.PaperSection>\n  </sections>\n</com.tom.model.paper.Paper>', '{\"Q-422d18ce-2092-4f6c-a8e9-b0971421e65b\":\"C\",\"Q-2d58eee2-33e0-4334-8259-9a16c23f6832\":\"B\",\"Q-f27ca2e4-c511-45df-afc7-6534c909190e\":\"C\",\"Q-d0aaf4be-f05a-498d-a83b-35dfe41bfa49\":\"D\",\"Q-246297ee-d1a5-41d0-adaa-b14d517d97a9\":\"D\",\"Q-515c7c31-db05-4ee8-b802-7dca0bd08c8d\":\"A\",\"Q-68c584f9-d1a7-43cc-b325-d619c7385ec8\":\"C\",\"Q-1e65e7a9-2005-4cdf-9419-d14d4327ab8a\":\"D\",\"Q-3bab31fa-9676-49b7-b642-1b3098fc2819\":\"B\",\"Q-fba4649a-f6a4-4f53-921c-089b881dfd32\":\"C\"}', '{\"Q-515c7c31-db05-4ee8-b802-7dca0bd08c8d\":1,\"Q-1e65e7a9-2005-4cdf-9419-d14d4327ab8a\":0,\"Q-3bab31fa-9676-49b7-b642-1b3098fc2819\":0,\"Q-d0aaf4be-f05a-498d-a83b-35dfe41bfa49\":1,\"Q-68c584f9-d1a7-43cc-b325-d619c7385ec8\":1,\"Q-2d58eee2-33e0-4334-8259-9a16c23f6832\":1,\"Q-fba4649a-f6a4-4f53-921c-089b881dfd32\":1,\"Q-422d18ce-2092-4f6c-a8e9-b0971421e65b\":1,\"Q-f27ca2e4-c511-45df-afc7-6534c909190e\":1,\"Q-246297ee-d1a5-41d0-adaa-b14d517d97a9\":1}', '2016-08-20 00:12:53', '3');
COMMIT;

-- ----------------------------
--  Table structure for `tm_vote`
-- ----------------------------
DROP TABLE IF EXISTS `tm_vote`;
CREATE TABLE `tm_vote` (
  `v_id` varchar(50) NOT NULL,
  `v_title` varchar(200) DEFAULT NULL,
  `v_body` text,
  `v_starttime` datetime DEFAULT NULL,
  `v_endtime` datetime DEFAULT NULL,
  `v_status` int(2) DEFAULT NULL,
  `v_data` text,
  `v_poster` varchar(50) DEFAULT NULL,
  `v_createdate` datetime DEFAULT NULL,
  `v_modifyor` varchar(50) DEFAULT NULL,
  `v_modifydate` datetime DEFAULT NULL,
  PRIMARY KEY (`v_id`)
) ENGINE=InnoDB DEFAULT CHARSET=utf8;

-- ----------------------------
--  Table structure for `tm_vote_log`
-- ----------------------------
DROP TABLE IF EXISTS `tm_vote_log`;
CREATE TABLE `tm_vote_log` (
  `l_id` int(11) NOT NULL AUTO_INCREMENT,
  `l_uid` varchar(50) DEFAULT NULL,
  `l_vid` varchar(50) DEFAULT NULL,
  `l_vdata` varchar(500) DEFAULT NULL,
  `l_votedate` datetime DEFAULT NULL,
  PRIMARY KEY (`l_id`)
) ENGINE=InnoDB DEFAULT CHARSET=utf8;

-- ----------------------------
--  Table structure for `user_class`
-- ----------------------------
DROP TABLE IF EXISTS `user_class`;
CREATE TABLE `user_class` (
  `id` varchar(32) NOT NULL,
  `user_id` varchar(32) NOT NULL,
  `class_id` varchar(32) NOT NULL,
  `del_flag` varchar(2) NOT NULL,
  PRIMARY KEY (`id`)
) ENGINE=InnoDB DEFAULT CHARSET=utf8;

-- ----------------------------
--  Records of `user_class`
-- ----------------------------
BEGIN;
INSERT INTO `user_class` VALUES ('24ca565c44704cc99e2acf4266223997', '48d944e998814da28c693bb4bbc94c23', '568bdb7bb3674e138d5655bd75be3506', '0');
COMMIT;

-- ----------------------------
--  Function structure for `tm_strip_tags`
-- ----------------------------
DROP FUNCTION IF EXISTS `tm_strip_tags`;
delimiter ;;
CREATE DEFINER=`root`@`%` FUNCTION `tm_strip_tags`($str text) RETURNS text CHARSET utf8
BEGIN
  DECLARE $start, $end INT DEFAULT 1;
  IF ($str IS NULL) THEN RETURN NULL; END IF;
  LOOP
    SET $start = LOCATE("<", $str, $start);
    IF (!$start) THEN RETURN $str; END IF;
    SET $end = LOCATE(">", $str, $start);
    IF (!$end) THEN SET $end = $start; END IF;
    SET $str = INSERT($str, $start, $end - $start + 1, "");
  END LOOP;
END
 ;;
delimiter ;

SET FOREIGN_KEY_CHECKS = 1;
